Pfad;Bytes;SHA256
.editorconfig;185;e71f9b259f81810fa73c998d316d1f56a94fabc5aa8907b591db8de464227fb0
.gitattributes;138;594f71b4cfb838216dc5f70569492da1613ab3573eda82e4ed41169fc08aa1ed
.gitignore;339;d7022c526beb075d7cae69a5cf726f8159ed6cea659b1e65e4f52e011fd634ee
AGENTS.md;2349;7ec3a30d8213e567f465e0b5be89af0b5c4a4460bbba01124f9d86f87c0f70ac
archiv/.gitignore_3.2.0_vor_Bestandsanalyse_2026-09-04;194;5ff1b8e76e4c08f3bb2b3cb69c67e0faa31ca2a3e46a15de5d0f32bc15044df8
archiv/CHANGELOG_3.2.0_vor_Bestandsanalyse_2026-09-04.md;65679;31948abcaa4b5d074af3f3ca0bab95397dd3093d1a805f93b8a866e4611112a7
archiv/README.md;702;dc5cdb407cee292641e4ea27849338bdbba11926401c6d1061ebc62aa04e6bc1
archiv/README_3.2.0_vor_Bestandsanalyse_2026-09-04.md;8012;c729b637b077a932b2d128f725b466ea09e828ac7b1acbad2786eb1f63e37bd3
assets/README.md;272;1ecf13e8fb0405de3a581effaf44a553c8ecfbcb62074c7f1b720f1ca6737b5d
CHANGELOG.md;67850;15b7ceb24efe08648ac018a1e17c5cba6771b234a2f9a0df6547ab6bf6d6113f
docs/00_INDEX.md;7356;b3b62d05ebb0b22e438b31418c90cd95aaf7f120290a073e8ff6404e273c094c
docs/01_PRODUCT_CONSTRAINTS.md;6560;c704b16601e237cb60dc2e1143f06d47917c6864c4dd1528e1a343980f98f053
docs/02_ARCHITECTURE.md;28364;466fe45cd2ed95ec636f67c43b2c898169863712bbf570bec94a62c515f87c9d
docs/05_QA_TESTPLAN.md;25246;0a3728f6255633bcc968780cfd00a5d91ad836da307f7aff8fddc215b158d206
docs/06_DATA_BACKUP_MIGRATION.md;14791;aff7c3f08fea6da9277835bd63c7c3042cf4b0551bdade469a7a900612863656
docs/07_QA_BERICHT.md;5743;c3f851408bad3735b5cfc1721e7ee3fde306af371f9e511601897002cccfa073
docs/08_CODE_BEFUND.md;11428;a02f25e86d164d0159041f52212b01bf76a94e2aefae34e9b9a3ab6a9fb06d7e
docs/09_ARBEITSAUFTRAG_BESTANDSANALYSE.md;32891;bacc9c4ef081c6f8f06c828ecd149e41b65a23d95be63bee4a8c7f3b4403cfb8
docs/09_PROJECT_HANDOFF.md;33574;0b4c343e4f7287966b9fd370af5eb903de14344f2937ea3a7540621cd741e261
docs/09_STARTKONTEXT.md;4124;bbbcde4b4dd5565a7299747a61e2a61595f593b18649fd06fd280aaf6bb49381
docs/10_RELEASE_CHECKLIST.md;3968;932f0a239cff01e59f06b1e3728101dfa2abdaab74e32932c4ba026e9706e53d
docs/11_BESTANDSANALYSE.md;40905;96d6a392cc0fccb021c66e70c7ca91dadbe6ad7f73cc1d26ceeef0be46dcf6ee
docs/12_ABSCHLUSSBERICHT.md;3028;aff976268f763bb91e6090bee46fe48b7218e6f0364c1ca0fea50b2a0cfe5e2e
docs/archiv/00_INDEX_3.2.0_vor_Bestandsanalyse_2026-09-04.md;4191;9992790aafd3ed92bc20e3bf048480aa3ccc4b7cf1b74b8613ee522fb48d8961
docs/archiv/01_PRODUCT_CONSTRAINTS_3.2.0_vor_Bestandsanalyse_2026-09-04.md;6166;cb10eabc9968241e1abceeb56a848d71e01f8760e84dfe7b54272b0ad3de53f5
docs/archiv/02_ARCHITECTURE_3.2.0_vor_Bestandsanalyse_2026-09-04.md;28193;50eeb276db1d0d700c7827101ec355075452d6bc68bf903aaa2a921c6af73566
docs/archiv/05_QA_TESTPLAN_3.2.0_vor_Bestandsanalyse_2026-09-04.md;24487;1d1d1984603d9107f907aebc7ed8bbe5afe5e85d7fc9078b40695fd0f1be6fad
docs/archiv/06_DATA_BACKUP_MIGRATION_3.2.0_vor_Bestandsanalyse_2026-09-04.md;13755;aebc52ad4b0689408f92c5c17e7ad7c704d7f8b2f64388ea771c0f963088e449
docs/archiv/07_QA_BERICHT_2.11.0.md;12528;405bc4341f73ba4aaca8278227f7fcf485377e589a3025b834200c700847faac
docs/archiv/07_QA_BERICHT_3.2.0_vor_Bestandsanalyse_2026-09-04.md;12208;6e1f7d39714b733c21634c65473d25d0f4865c3eda63f29fcd33efd301602307
docs/archiv/08_CODE_BEFUND_3.2.0_vor_Bestandsanalyse_2026-09-04.md;10401;06467c6bd5ea4a29585d79caa1fb859aef01e2f58257d13276d1016ac5304e8b
docs/archiv/09_ARBEITSAUFTRAG_BESTANDSANALYSE_3.2.0_vor_Bestandsanalyse_2026-09-04.md;31520;04d683a5cf163cb386f2df7b2cb61171992e9dbd888e06a083c7f62138994f6e
docs/archiv/09_PROJECT_HANDOFF_3.2.0_vor_Bestandsanalyse_2026-09-04.md;31633;f3a75336a1bfd8a3dc6cdf171116e6bc5b006d649e7b8f4fe34e7fb75c2fc8de
docs/archiv/09_STARTKONTEXT_3.2.0_vor_Bestandsanalyse_2026-09-04.md;5812;9c3fba75850646840c9e7b43276dfe637c3b68d85b606d7e76837f14723b24de
docs/archiv/10_RELEASE_CHECKLIST_2.11.0.md;3814;fdc1bd02ddc61b8489d50819c61b126ff2fe6a538cf0cb98f84bcaa2b187bc22
docs/archiv/10_RELEASE_CHECKLIST_3.2.0_vor_Bestandsanalyse_2026-09-04.md;4391;2ec84d0022feb86787f665430f200acef5f20f1430571985178120f1aeb3b821
docs/archiv/PRODUCT_IDENTITY_2.11.0.md;3373;47b71a900a80ff198fdaba60728d10261320395e096f4f5693e9448f7a3480c6
docs/archiv/README.md;1340;39e6099c4e468bdfe7d4ede605e83a5d15963a1b40bf6c4d044bfd44e379af4b
docs/decisions/archiv/PRODUCT_IDENTITY_3.2.0_vor_Bestandsanalyse_2026-09-04.md;4386;ea0cf053380b96ab6643c01b1b9a0f6cfcbaa01bea352ef9315fdfd913a65d49
docs/decisions/archiv/README.md;657;292882c7ae7b0f0ad8f66f144e9eecc79794f857ade6eb8d853b067ddf7f3ffa
docs/decisions/GRUPPE_ORDNER_UEBERSCHRIFT.md;4203;0f8fe8a314225f1ad792fa72d0a549e0e36c9a9b85d337bbee27f38030b13aa1
docs/decisions/PRODUCT_IDENTITY.md;4881;a47fb3b66914da5d37b0248abd6339ddaf814f47b27200ef2cb7080cb4ccc7da
docs/exec-plans/2.10.0-label-chips-und-codepflege.md;4789;575847978f014e63c92d6ffe92550743e244fbdb3f0c6c5bcd31fa26a0185485
docs/exec-plans/2.11.0-datenintegritaet-und-eingabemaske.md;8317;ec8e646e891b5a327e5a85a0577be9fc598fdf5204214b7f4c1cd522e6f388d1
docs/exec-plans/2.12.0-oberflaeche-verdichten.md;6466;8a46bef89fd27a8dfb8ce75686f7d25c16cef290d5a6489f306eb4baba4582e2
docs/exec-plans/2.5.1-stabilisierung.md;1180;4c16066b4f40d57d6cfe82eeb557718d73a3e754d0f73ab19911438a5ead2944
docs/exec-plans/2.5.2-qol-stabilisierung.md;1545;53537abb3cadca28772a89607c595e30eab94c402819cf4375ceb2cfb627a1d6
docs/exec-plans/2.5.3-ui-und-struktur-stabilisierung.md;1629;7e8cd018441d064aae8bef7da05d18175f7cee3c50cf21b73877c9d110d76990
docs/exec-plans/2.5.4-uebersichten-und-ui-stabilisierung.md;2611;19d8f27fb3ac7a0f79dcd4e3e47280ef49989ce53ab5a2cd70da03f681ba2570
docs/exec-plans/2.5.5-fehlerbehebung-und-macos.md;2792;5208f17e8131d03f02babee1f539e27ef4b65a1b7d9cf9123baa0756b0c618d7
docs/exec-plans/2.6.0-gruppen-und-kontextmenues.md;3179;38b3fdb28032cf84e732cf043abdc25ad6ec104a2b2b041dbe11ad14c28c9054
docs/exec-plans/2.7.0-papierkorb-labels-kalender.md;4006;da4565a87d79720bc7cbca82f97fa116c0b719f43c0cd953fc5ced343eb9a417
docs/exec-plans/2.7.1-ui-feinschliff.md;3397;72007ce513e8fd60f63bd5613ea0f8793b2e4c55a858c97826fbea59b4e95362
docs/exec-plans/2.7.2-fokus-und-kalenderinteraktion.md;2012;7eb15ee15f94d929e9c13ac3a8eb6697294bd5abc00cb79f62200b8087d4be14
docs/exec-plans/2.8.0-arten-verspaetet-und-hover.md;5549;805d0a63782f1ac01090cea4c0e99b9b974d8cf2e75d19c26a7cc7597b4451e7
docs/exec-plans/2.9.0-verschachtelte-ordner.md;5368;4646519468d7b02c4a1943d1d40dbe0188497fd5cfffaa0ef1a00df18ededb3f
docs/exec-plans/3.0.0-oberflaeche-und-symbole.md;7678;eaa5200d8a53cc6be3c1380d0a16c14de35e35625aceb7f789394769cde96c48
LICENSE.md;266;4539a18261bea17f31fa4722cea253870ee98e2c9f212094195028523bd2d33e
packaging/README.md;341;6170856d44819f86424c674ba5bdb002a9240bc07054e9e9d352e0086fbb9850
README.md;9241;ea7632de428ae8258dd1b8e90a59955f81eec55a8f93fed129f9f3dc8f6bba50
requirements/archiv/README.md;649;15adc06a25f1f7c28c9f8ff4c2313a0288e266726f77c9042f5dc08120081223
requirements/archiv/runtime_3.2.0_vor_Bestandsanalyse_2026-09-04.txt;178;9f221a1d77c16bbe5ab9a2f15af3006ba63bd74bed4ba604babd271f3c0185ff
requirements/build-macos.txt;88;8593aedca3778f929a69613ef433be6ede156ea576cd9440e89349366c31bb79
requirements/build-windows.txt;90;9dfa505998d8cc451332cd8c87889cfa8b0cf4881cfde58fb9d0a15fda60f69d
requirements/dev.txt;58;443ca2055b3f23908c9fce87a9488cfddd65cc03835dcce861bcae1f4a769c51
requirements/runtime.txt;141;754dc436336e03c3978660c6d19808ce25395616266a1d3c73f3c586190d6e02
scripts/release/finalize_release_plan_docx_v252.py;11618;cece33fc900e7c7177ff80d30b9fd901d3abb313aadd9146371d8370c2098ff5
scripts/release/update_release_plan_docx.py;24753;fb9a9a129149afe686c74b0c3f4a92a0f74a6df20c5dfb10c3cda030a8d5a5da
scripts/release/update_release_plan_docx_v252.py;27710;3777dbb2bf8e7ba9bbd5069e1ef6bebd20b2f331318c1e8930558afa2594f6f0
scripts/test/run_core_tests.ps1;463;1ceb50ddb007af4b524900314c4e00ee5a709e017cd788e1de0a6a193e83371c
SECURITY.md;2223;ee21be67758037a69118da8f797b8509847b249b7dedd68c5992234d8a3037eb
src/glide/app.pyw;649275;6309f2669f5490777d342138e9fe304b27a4e728404d0359952e3cd4bfc01715
src/glide/archiv/README.md;647;f754b29f42980124e05040bc1aea6049721fcbd1e82b61d4d45a99623b89790d
src/glide/archiv/README_3.2.0_vor_Bestandsanalyse_2026-09-04.md;396;8113c2ebf12121f81fb44fb16e05a1ba0758e8b98db105c7a5b3daa172610b97
src/glide/README.md;307;4f220f557b0d9d4b14ae218f34484efbfcd60777fa8f575094f5ed42e34f3526
tests/fixtures/archiv/README.md;616;e52e611676e6c3dbfbe70293bb9b3f2777a4a84863f091fe68987e05fdc6df73
tests/fixtures/archiv/README_3.2.0.md;3263;7ec5e5d59a3cff1abcc195693e160c742a14bd880c6c859d5aed847a00a8f6ae
tests/fixtures/beispiele/Glide_Beispieldaten.glidebackup;13991;380436bd4c759f92ed04ef05988bb5dde5e0d2fd95a33146fc3a0b523e2429d8
tests/fixtures/beispiele/glide_releaseplanung_3.2.0.glidebackup;19932;2f25fd5cfcfa1930aeb2444141106900f7f7fa44409bb5934ce35cec02f3b11b
tests/fixtures/current_v10/reference_v10.json;9475;a95c05ada3a301dacf8ea278293cf32b945fdfee7ade14fe415d1260a144e86f
tests/fixtures/current_v4/reference_v4.json;1583;49f852e5dd511fdc5acb35b2003c68edac9baeed9a001aeac34a422abb085347
tests/fixtures/current_v5/reference_v5.json;1670;86f0afcda82eb485c1dac495587ce0fd841c926fea2ab0a23e2dfc416934e2b8
tests/fixtures/current_v6/reference_v6.json;3330;6349bb6aa0ce2fc1f548dc40718a2fd17cdac65499aa92cd5608a22187c69967
tests/fixtures/current_v7/reference_v7.json;5416;4c349eebe0c82a1854b1e11c882b2c056f7d5dc2ab70a07ce4cf12cf2241a6cf
tests/fixtures/current_v8/reference_v8.json;7407;1e92d08b51ebb1587fb9c68123e5212b76e24679f5567e1937c4f6edcd529b89
tests/fixtures/current_v9/reference_v9.json;8335;f782d2eab642275d448b0122bc945cafdf6e7e23a584337d86e8b2fb6416f42f
tests/fixtures/legacy_v2/probelisten_5_listen_v2.json;22408;f17ead3f99f86010dca86a5db28a69e4a5be94df4798f2a6a8022aa7c9f022b4
tests/fixtures/README.md;5328;de26199f707bf0af8fcc79f8119ca8bdf38354da373b85994284c695d595dafe
tests/integration/audit_app.py;33921;344225d250376153aad905a082f13c0d0c2132cfa6d36898c2cdfc065105e3f9
tests/integration/test_datenintegritaet.py;24036;9938aa4a1a1d57efee9f41d31979850d6f44c50dc9960252638d9ff17022c5bc
tests/integration/test_glide.py;161268;ea98ebca6b49db6192f669e8aa335abb6d40c4447c641b0d5318159872a7f5f8
tests/README.md;2156;caaab76e5754b4616d1538402115bc30765b7c7b3dee50e13b0a376ad2b8cf77
tests/tools/analyse_erreichbarkeit.py;9509;aa62a28521fd28a0e03ba9704a8e923f7dfde5f2c5fb9b0db4faf831916c74e1
tests/tools/analyse_statisch.py;9647;b0c795e7ab7e423048e16430dd8552ce60c514dc45803797b8dd03be10b82d2c
tests/tools/archiv/README.md;636;930da3df9e2d18661b73d1f20d5da8fefbbbd8c0c4cbdb42e8cebf7d71a0cfd9
tests/tools/archiv/README_3.2.0_vor_bestandsanalyse.md;2585;dc75072637e26cb0a8b78dc9916f604966400da920d70fc9bdfe7a63d6d58a03
tests/tools/beispieldaten.py;32833;dc9a875108fca1b57dc5aabb5213f722fad6a6530edcdfd86f1e4ba4918ce41f
tests/tools/pruefen.py;16963;746ab3427cacff7dfadc8d648cfec5d50f91092cf96eb297da2c7ca4be28ae09
tests/tools/README.md;7430;c7063e68b95928f128514e175d5203a30eab6403c4038e33297f7cab757f8421
tests/tools/releasedaten.py;48319;666cb5fbd3a0a3ac56595e256f6eacf51d1d1eb46f737d94ecae80841cac4127
tests/tools/screenshots.py;9757;84ed69d08365dc95c87d280116928658dacad03e16c815ee80311468c105575a
VERSION;6;33bdaf9e2d6bcbde2e4e613e865e403f8fe21fc621078d34c30b0bdc7f68d903
