OriginalRootFolder,OriginalRelativePath,NewRelativePath,Bytes,SHA256
Konsolidierung_3.2.0,Archiv/MANIFEST_SHA256_vor_Konsolidierung_2026-09-04.csv,50_Ablage/QA/Dokumentation/Archiv/MANIFEST_SHA256_vor_Konsolidierung_2026-09-04.csv,46442,056D67217874C9FE24175E07F81B9690EF01292229E9FAB002C27221039027FC
Konsolidierung_3.2.0,Archiv/README_vor_Konsolidierung_2026-09-04.md,50_Ablage/QA/Dokumentation/Archiv/README_vor_Konsolidierung_2026-09-04.md,395,54CC98B98059EF72C4990D4FDB096A86223515523BA25B713C1473B33AA0642F
Konsolidierung_3.2.0,README.md,50_Ablage/QA/Dokumentation/README.md,628,DC50D612EEC6D7621EC666639E09E52E6ED9232DC07289577C33DCDBD89FD8DA
.codex-docx-qa,doc_qa_2_5_1\header_footer_sheet.py,50_Ablage/QA/Dokumentation/Renderlaeufe/.codex-docx-qa/doc_qa_2_5_1/header_footer_sheet.py,1224,A06D72363723FD972E24915B090D67A9D211BE032B2135B7C6F6978E086CD79C
.codex-docx-qa,doc_qa_2_5_1\inspect_docx_pdf.py,50_Ablage/QA/Dokumentation/Renderlaeufe/.codex-docx-qa/doc_qa_2_5_1/inspect_docx_pdf.py,4510,1206F925133D288C12C8D0C2A80FBFC890147B8802D86ACA8BD0F0732238549C
.codex-docx-qa,doc_qa_2_5_1\inspect_navigation.py,50_Ablage/QA/Dokumentation/Renderlaeufe/.codex-docx-qa/doc_qa_2_5_1/inspect_navigation.py,1644,B6C65C4BA2666232E2D16F16B310FACB4686086C0D10F474E67322FADA976F56
.codex-docx-qa,doc_qa_2_5_1\inspect_structure.py,50_Ablage/QA/Dokumentation/Renderlaeufe/.codex-docx-qa/doc_qa_2_5_1/inspect_structure.py,2013,4E626E5DB83A0F7F92A4C31A659FD18F658A875A232D77788C62CDA0C60C5A9A
.codex-docx-qa,doc_qa_2_5_1\pdf_rerender\contact-1.png,50_Ablage/QA/Dokumentation/Renderlaeufe/.codex-docx-qa/doc_qa_2_5_1/pdf_rerender/contact-1.png,410330,E01FB25664A53BBC9FD5F8ABDE9D1338EFFA77979BC1A742A8D26260B9EE1DB8
.codex-docx-qa,doc_qa_2_5_1\pdf_rerender\contact-2.png,50_Ablage/QA/Dokumentation/Renderlaeufe/.codex-docx-qa/doc_qa_2_5_1/pdf_rerender/contact-2.png,405977,60DAA064BBCBC7CBBC1354FF46ACD69E851A3279BDEA57CE4EFBE11EDCF9E757
.codex-docx-qa,doc_qa_2_5_1\pdf_rerender\contact-3.png,50_Ablage/QA/Dokumentation/Renderlaeufe/.codex-docx-qa/doc_qa_2_5_1/pdf_rerender/contact-3.png,442211,E8348738C3CA024A9D8AC47F13AF59B500FDAB2B8B67129238F05E0BE71F1FBF
.codex-docx-qa,doc_qa_2_5_1\pdf_rerender\contact-4.png,50_Ablage/QA/Dokumentation/Renderlaeufe/.codex-docx-qa/doc_qa_2_5_1/pdf_rerender/contact-4.png,213455,621CFD3CAA995A0EC41AC34700B665570658E9CFA4D39A0CF53F1A49A7C42A11
.codex-docx-qa,doc_qa_2_5_1\pdf_rerender\page-01.png,50_Ablage/QA/Dokumentation/Renderlaeufe/.codex-docx-qa/doc_qa_2_5_1/pdf_rerender/page-01.png,171889,0C292BBA6B27799A21D5CCD733A93BB512320DD031BBD8B8E8728446BA655240
.codex-docx-qa,doc_qa_2_5_1\pdf_rerender\page-02.png,50_Ablage/QA/Dokumentation/Renderlaeufe/.codex-docx-qa/doc_qa_2_5_1/pdf_rerender/page-02.png,218923,13EE7417969ED98C95B276D0387FDFC666431EF9F108B2DF8086744F6865CEF7
.codex-docx-qa,doc_qa_2_5_1\pdf_rerender\page-03.png,50_Ablage/QA/Dokumentation/Renderlaeufe/.codex-docx-qa/doc_qa_2_5_1/pdf_rerender/page-03.png,510229,00424ED92CF64FAEFD79859912831AE6454AD8FAA7ED36A65B97BCC4E437EE27
.codex-docx-qa,doc_qa_2_5_1\pdf_rerender\page-04.png,50_Ablage/QA/Dokumentation/Renderlaeufe/.codex-docx-qa/doc_qa_2_5_1/pdf_rerender/page-04.png,484153,2198B397D4C9B0E42ECB4D12D7FA79D2E4829AF2BBED150AFCDCB4156C7CE5AA
.codex-docx-qa,doc_qa_2_5_1\pdf_rerender\page-05.png,50_Ablage/QA/Dokumentation/Renderlaeufe/.codex-docx-qa/doc_qa_2_5_1/pdf_rerender/page-05.png,456313,F93F1B0544E8B6D057EA907038B7274738206F1C189C49F8037ADA5FECC9B2F3
.codex-docx-qa,doc_qa_2_5_1\pdf_rerender\page-06.png,50_Ablage/QA/Dokumentation/Renderlaeufe/.codex-docx-qa/doc_qa_2_5_1/pdf_rerender/page-06.png,401225,06D1AEF6C1827FBF34D3B060CAF632A548A566BE70EC5C083283E1B820C88924
.codex-docx-qa,doc_qa_2_5_1\pdf_rerender\page-07.png,50_Ablage/QA/Dokumentation/Renderlaeufe/.codex-docx-qa/doc_qa_2_5_1/pdf_rerender/page-07.png,386939,B91A863473D698E6E6142E48581FA1987ADA33DDACC64DF371749A229C73CA61
.codex-docx-qa,doc_qa_2_5_1\pdf_rerender\page-08.png,50_Ablage/QA/Dokumentation/Renderlaeufe/.codex-docx-qa/doc_qa_2_5_1/pdf_rerender/page-08.png,306692,0363B6DD60065F738FFF712AB236778B8F189FF47542D7AA0793D6E8AC2AC280
.codex-docx-qa,doc_qa_2_5_1\pdf_rerender\page-09.png,50_Ablage/QA/Dokumentation/Renderlaeufe/.codex-docx-qa/doc_qa_2_5_1/pdf_rerender/page-09.png,450031,ED56517289548EA4DCB7EEEAA91D67C3ED3A82614B3EEAA1A23E14ECB402E6C8
.codex-docx-qa,doc_qa_2_5_1\pdf_rerender\page-10.png,50_Ablage/QA/Dokumentation/Renderlaeufe/.codex-docx-qa/doc_qa_2_5_1/pdf_rerender/page-10.png,410362,483623EAA3E97D5DDCF2CD17BB1236B7B072C7FCCC11F745BC161BECCFF7793A
.codex-docx-qa,doc_qa_2_5_1\pdf_rerender\page-11.png,50_Ablage/QA/Dokumentation/Renderlaeufe/.codex-docx-qa/doc_qa_2_5_1/pdf_rerender/page-11.png,347296,9592D98EF0302B0C01935F6969FB686EB9C4EB4783C43CD664E0EB980FA8FA17
.codex-docx-qa,doc_qa_2_5_1\pdf_rerender\page-12.png,50_Ablage/QA/Dokumentation/Renderlaeufe/.codex-docx-qa/doc_qa_2_5_1/pdf_rerender/page-12.png,340275,CBFBF83BA3E7FF9105C3E97E9887E28A8F31F21F5FB84FE3DA0D265FFD7CA7A8
.codex-docx-qa,doc_qa_2_5_1\pdf_rerender\page-13.png,50_Ablage/QA/Dokumentation/Renderlaeufe/.codex-docx-qa/doc_qa_2_5_1/pdf_rerender/page-13.png,454634,0D877FBF397F7FE59C6B4CB3BE541436B771A0A0D23209572027EB1550FF67E3
.codex-docx-qa,doc_qa_2_5_1\pdf_rerender\page-14.png,50_Ablage/QA/Dokumentation/Renderlaeufe/.codex-docx-qa/doc_qa_2_5_1/pdf_rerender/page-14.png,414696,342E5210B1BF8B7F9A0E0F79A3D6D5ABED5CDF4F250E9B76E12C0FF012764326
.codex-docx-qa,doc_qa_2_5_1\pdf_rerender\page-15.png,50_Ablage/QA/Dokumentation/Renderlaeufe/.codex-docx-qa/doc_qa_2_5_1/pdf_rerender/page-15.png,429893,E3FCFAC8D3201824EC1DC2427B8BE85B735FD7B22E443097A0D01BCC426C0F56
.codex-docx-qa,doc_qa_2_5_1\pdf_rerender\page-16.png,50_Ablage/QA/Dokumentation/Renderlaeufe/.codex-docx-qa/doc_qa_2_5_1/pdf_rerender/page-16.png,359080,AD7A5EA4DE3ABE1FBF1EF2ADE5A542C8A6D60287D69B3AB8AD6C09F6762CF34C
.codex-docx-qa,doc_qa_2_5_1\pdf_rerender\page-17.png,50_Ablage/QA/Dokumentation/Renderlaeufe/.codex-docx-qa/doc_qa_2_5_1/pdf_rerender/page-17.png,328014,14A2D3D13E0A45E49C8DC63DD25002F92DED2B799F82266ECE1152B8E032732A
.codex-docx-qa,doc_qa_2_5_1\pdf_rerender\page-18.png,50_Ablage/QA/Dokumentation/Renderlaeufe/.codex-docx-qa/doc_qa_2_5_1/pdf_rerender/page-18.png,404674,70804464BA24C0BCD42A50794EBA5DE58F1B475CB5D1B3C6669C93D2189A9599
.codex-docx-qa,doc_qa_2_5_1\pdf_rerender\page-19.png,50_Ablage/QA/Dokumentation/Renderlaeufe/.codex-docx-qa/doc_qa_2_5_1/pdf_rerender/page-19.png,480188,EAC20B4083C0E13D5470082E5F41A33D107B8A9CAB5232CA92DC99E9D4997DDD
.codex-docx-qa,doc_qa_2_5_1\pdf_rerender\page-20.png,50_Ablage/QA/Dokumentation/Renderlaeufe/.codex-docx-qa/doc_qa_2_5_1/pdf_rerender/page-20.png,510268,8F2240EFED6C5EED8E2C00609E4E448274C3C3D491C8DCEC5DE472893A4400C5
.codex-docx-qa,doc_qa_2_5_1\pdf_rerender\page-21.png,50_Ablage/QA/Dokumentation/Renderlaeufe/.codex-docx-qa/doc_qa_2_5_1/pdf_rerender/page-21.png,153494,3AE842C68624E28D7E66828BB7489890D60879960CE948B56372D6CD10650FD5
.codex-docx-qa,doc_qa_2_5_1\render_pdf_check.py,50_Ablage/QA/Dokumentation/Renderlaeufe/.codex-docx-qa/doc_qa_2_5_1/render_pdf_check.py,3102,E7C49CD43B4A404D254A32D3FEBE6C36BB2B451C10086C051650E67FABF60C1F
.codex-docx-qa,doc_qa_2_5_1\search_pdf_text.py,50_Ablage/QA/Dokumentation/Renderlaeufe/.codex-docx-qa/doc_qa_2_5_1/search_pdf_text.py,586,AE3BE2EE8B475D44D01B340A947A0537075A9EA48C2232B62C471B6C38A52918
.codex-docx-qa,doc_qa_2_5_1\strips\bottom-strips.png,50_Ablage/QA/Dokumentation/Renderlaeufe/.codex-docx-qa/doc_qa_2_5_1/strips/bottom-strips.png,101211,8BD0A6481C27070AC1D4E7C795F0BA8A32B8BC348AF6E2647D2320B1D4E67E43
.codex-docx-qa,doc_qa_2_5_1\strips\top-strips.png,50_Ablage/QA/Dokumentation/Renderlaeufe/.codex-docx-qa/doc_qa_2_5_1/strips/top-strips.png,327726,B837C2CDBDB226096AE0AF30F8EA5C1B6B7AC619CC24796DCE1B5914A6C0B986
Konsolidierung_3.2.0,Renderlaeufe/3.2.0_2026-09-04/artifact.md,50_Ablage/QA/Dokumentation/Renderlaeufe/3.2.0_2026-09-04/artifact.md,3183,8B4D87A5C94EC8235B423DF867D1EDFA896DA12977244C5BEF1F7F5188BA6F6F
Konsolidierung_3.2.0,Renderlaeufe/3.2.0_2026-09-04/bookmark_pages.json,50_Ablage/QA/Dokumentation/Renderlaeufe/3.2.0_2026-09-04/bookmark_pages.json,481,0DDAD27195A13A2706F0A64783357A1784101A008629B975397DB68968B3E0C9
Konsolidierung_3.2.0,Renderlaeufe/3.2.0_2026-09-04/docx_revision_manifest.json,50_Ablage/QA/Dokumentation/Renderlaeufe/3.2.0_2026-09-04/docx_revision_manifest.json,2186,B9F825512FF53CB812161C4F84235304CA060E7FC5B8C21143FC5D4603EAAF14
Konsolidierung_3.2.0,Renderlaeufe/3.2.0_2026-09-04/export_word.ps1,50_Ablage/QA/Dokumentation/Renderlaeufe/3.2.0_2026-09-04/export_word.ps1,1109,A5A150B25DD68C9C973E49E07B921A20243C211DE6A30EE82144EF3EB5F9E261
Konsolidierung_3.2.0,Renderlaeufe/3.2.0_2026-09-04/external_archive_manifest.json,50_Ablage/QA/Dokumentation/Renderlaeufe/3.2.0_2026-09-04/external_archive_manifest.json,10284,011B2993062426F30F59B54C4A3974D62C19A2919C013140B6E575332DC6D169
Konsolidierung_3.2.0,Renderlaeufe/3.2.0_2026-09-04/final1.pdf,50_Ablage/QA/Dokumentation/Renderlaeufe/3.2.0_2026-09-04/final1.pdf,468073,292D3A4CA37046392C7388DBDB777D893BEC9E48F16FCD882DC100744B3E6F17
Konsolidierung_3.2.0,Renderlaeufe/3.2.0_2026-09-04/final2/3.2.0 – Glide_Arbeitsvorbereitung_Codex_Build_Release_Plan.pdf,50_Ablage/QA/Dokumentation/Renderlaeufe/3.2.0_2026-09-04/final2/3.2.0 – Glide_Arbeitsvorbereitung_Codex_Build_Release_Plan.pdf,468076,9424623F9E98A9CB430A894401AF5D5D8BB2D8748B5F2799FF03767289E0D568
Konsolidierung_3.2.0,Renderlaeufe/3.2.0_2026-09-04/final2/page-1.png,50_Ablage/QA/Dokumentation/Renderlaeufe/3.2.0_2026-09-04/final2/page-1.png,97248,071D4749F1E05001E37BACA61A0CF3EB869D8F2F2CBD2204CD75A81C1864A1F1
Konsolidierung_3.2.0,Renderlaeufe/3.2.0_2026-09-04/final2/page-10.png,50_Ablage/QA/Dokumentation/Renderlaeufe/3.2.0_2026-09-04/final2/page-10.png,212817,8B114AB5DAAE11B066C9C878F0B6ADBCBB3FB708AC33CB853CE215BBDADF6BED
Konsolidierung_3.2.0,Renderlaeufe/3.2.0_2026-09-04/final2/page-11.png,50_Ablage/QA/Dokumentation/Renderlaeufe/3.2.0_2026-09-04/final2/page-11.png,200911,279A3B8331FEEF21D1E586A0A61DBD20FE3BE5E53BCD26CEA62A7B01DDEB6FAE
Konsolidierung_3.2.0,Renderlaeufe/3.2.0_2026-09-04/final2/page-12.png,50_Ablage/QA/Dokumentation/Renderlaeufe/3.2.0_2026-09-04/final2/page-12.png,138760,5039F7D90938452BB63C7E7A9DCD0E43AB1F9B92220287E675ADEF0380A5C91E
Konsolidierung_3.2.0,Renderlaeufe/3.2.0_2026-09-04/final2/page-13.png,50_Ablage/QA/Dokumentation/Renderlaeufe/3.2.0_2026-09-04/final2/page-13.png,331542,BFF124E3BCE324F76CC02035129EB0EFB71DBD17D1ACB981BA80DC27EBD23BEF
Konsolidierung_3.2.0,Renderlaeufe/3.2.0_2026-09-04/final2/page-14.png,50_Ablage/QA/Dokumentation/Renderlaeufe/3.2.0_2026-09-04/final2/page-14.png,311307,05F1EA8B8381F91FC809A2F5E41AC319F35F8864C23EC253297B41E3AEF5DA70
Konsolidierung_3.2.0,Renderlaeufe/3.2.0_2026-09-04/final2/page-15.png,50_Ablage/QA/Dokumentation/Renderlaeufe/3.2.0_2026-09-04/final2/page-15.png,271790,0A5D0299D51A6BA44747965A08116367CC5FB619BF6C5FA781CA79142E60608C
Konsolidierung_3.2.0,Renderlaeufe/3.2.0_2026-09-04/final2/page-16.png,50_Ablage/QA/Dokumentation/Renderlaeufe/3.2.0_2026-09-04/final2/page-16.png,251636,615F09333F2177C06E72B20A1EC174E78E6DB7E4ED3118337CA7B6348425AD16
Konsolidierung_3.2.0,Renderlaeufe/3.2.0_2026-09-04/final2/page-17.png,50_Ablage/QA/Dokumentation/Renderlaeufe/3.2.0_2026-09-04/final2/page-17.png,236442,E0CA1CF7CFE9A2D2EE0A135FAF2DFF7657B8BF61FA9B707CE566CAEC43DCB4AB
Konsolidierung_3.2.0,Renderlaeufe/3.2.0_2026-09-04/final2/page-18.png,50_Ablage/QA/Dokumentation/Renderlaeufe/3.2.0_2026-09-04/final2/page-18.png,131821,F8F1D464D3ECF71D0EE8A5970FA44D6448AB1812DF5D63549B37B1D00BF66E9C
Konsolidierung_3.2.0,Renderlaeufe/3.2.0_2026-09-04/final2/page-19.png,50_Ablage/QA/Dokumentation/Renderlaeufe/3.2.0_2026-09-04/final2/page-19.png,258012,D930292392724C054351699925ABA33117AF90D4A5B1F3717EE679F366000C6A
Konsolidierung_3.2.0,Renderlaeufe/3.2.0_2026-09-04/final2/page-2.png,50_Ablage/QA/Dokumentation/Renderlaeufe/3.2.0_2026-09-04/final2/page-2.png,129718,E76315905EF39EB1A28D1F56923998EE940D96E70331C9B07A4A3CF3B3BF2843
Konsolidierung_3.2.0,Renderlaeufe/3.2.0_2026-09-04/final2/page-20.png,50_Ablage/QA/Dokumentation/Renderlaeufe/3.2.0_2026-09-04/final2/page-20.png,294885,30497BF72BD000290FB37BF6CA494BC17AD55AC6A00AD04A32C496968B8BE9DA
Konsolidierung_3.2.0,Renderlaeufe/3.2.0_2026-09-04/final2/page-21.png,50_Ablage/QA/Dokumentation/Renderlaeufe/3.2.0_2026-09-04/final2/page-21.png,204745,9E8AB73CF99C50CF44749CA943ADCC17E7D6DE4CEEC3E35143138725B29BC39C
Konsolidierung_3.2.0,Renderlaeufe/3.2.0_2026-09-04/final2/page-3.png,50_Ablage/QA/Dokumentation/Renderlaeufe/3.2.0_2026-09-04/final2/page-3.png,341795,08C14BD81D24322C8C95CD88C4A3FF2F810A8B9A3371DF65DCF0EAFC4D96F93E
Konsolidierung_3.2.0,Renderlaeufe/3.2.0_2026-09-04/final2/page-4.png,50_Ablage/QA/Dokumentation/Renderlaeufe/3.2.0_2026-09-04/final2/page-4.png,332522,AE2D90B961B2F55D0F61552CF0397881201A72CBCF41B8EDB595CF26DD0CD8A5
Konsolidierung_3.2.0,Renderlaeufe/3.2.0_2026-09-04/final2/page-5.png,50_Ablage/QA/Dokumentation/Renderlaeufe/3.2.0_2026-09-04/final2/page-5.png,327513,E023879ADC1BB8F30EFDCB906D3B9132E802A28C7C3B3741AF9955BD0BC04D7E
Konsolidierung_3.2.0,Renderlaeufe/3.2.0_2026-09-04/final2/page-6.png,50_Ablage/QA/Dokumentation/Renderlaeufe/3.2.0_2026-09-04/final2/page-6.png,283837,619E00709E50188F7A167BD2707E0E13905B21D7AC2981135327E8579FEB4529
Konsolidierung_3.2.0,Renderlaeufe/3.2.0_2026-09-04/final2/page-7.png,50_Ablage/QA/Dokumentation/Renderlaeufe/3.2.0_2026-09-04/final2/page-7.png,298566,8CCCA52DF2664BA2EA050816AEE1336486FD7527A98B285FBA25244D2E2AC8BC
Konsolidierung_3.2.0,Renderlaeufe/3.2.0_2026-09-04/final2/page-8.png,50_Ablage/QA/Dokumentation/Renderlaeufe/3.2.0_2026-09-04/final2/page-8.png,281976,B4DDC79DC70A82E2D459B6349D079BBF1B6F2A1FEEC4B23404692BB6611CD4CA
Konsolidierung_3.2.0,Renderlaeufe/3.2.0_2026-09-04/final2/page-9.png,50_Ablage/QA/Dokumentation/Renderlaeufe/3.2.0_2026-09-04/final2/page-9.png,252040,052AE3CFF19F7ACA76574EE0708B786E071BB29D6C02D78A4A0C695866DDE971
Konsolidierung_3.2.0,Renderlaeufe/3.2.0_2026-09-04/final2.pdf,50_Ablage/QA/Dokumentation/Renderlaeufe/3.2.0_2026-09-04/final2.pdf,468076,9424623F9E98A9CB430A894401AF5D5D8BB2D8748B5F2799FF03767289E0D568
Konsolidierung_3.2.0,Renderlaeufe/3.2.0_2026-09-04/final3.pdf,50_Ablage/QA/Dokumentation/Renderlaeufe/3.2.0_2026-09-04/final3.pdf,470106,600DA587DCB219F4AD5C02C066B65E153E77D811B39DFA07BDE827C968617236
Konsolidierung_3.2.0,Renderlaeufe/3.2.0_2026-09-04/final4/3.2.0 – Glide_Arbeitsvorbereitung_Codex_Build_Release_Plan.pdf,50_Ablage/QA/Dokumentation/Renderlaeufe/3.2.0_2026-09-04/final4/3.2.0 – Glide_Arbeitsvorbereitung_Codex_Build_Release_Plan.pdf,470106,F959D412552E65D9589F9BEC9C918F48DCD9C7A7D95CF67DE2F5FDEF3BFFE901
Konsolidierung_3.2.0,Renderlaeufe/3.2.0_2026-09-04/final4/page-1.png,50_Ablage/QA/Dokumentation/Renderlaeufe/3.2.0_2026-09-04/final4/page-1.png,97248,071D4749F1E05001E37BACA61A0CF3EB869D8F2F2CBD2204CD75A81C1864A1F1
Konsolidierung_3.2.0,Renderlaeufe/3.2.0_2026-09-04/final4/page-10.png,50_Ablage/QA/Dokumentation/Renderlaeufe/3.2.0_2026-09-04/final4/page-10.png,245803,57AC64E427ADAEBB92DC52C095054A3319B8B7C15E1CF9D8D6AB8D69C48988EF
Konsolidierung_3.2.0,Renderlaeufe/3.2.0_2026-09-04/final4/page-11.png,50_Ablage/QA/Dokumentation/Renderlaeufe/3.2.0_2026-09-04/final4/page-11.png,164789,D70A43EF8C337108B8503C17A39981B327F4953458C13AF777644E59FFE86CE3
Konsolidierung_3.2.0,Renderlaeufe/3.2.0_2026-09-04/final4/page-12.png,50_Ablage/QA/Dokumentation/Renderlaeufe/3.2.0_2026-09-04/final4/page-12.png,163576,E94C29A83DFE38F1D4B9F71A5640D5999AF91DCDBE29DA9A81CA1A7BF44FC639
Konsolidierung_3.2.0,Renderlaeufe/3.2.0_2026-09-04/final4/page-13.png,50_Ablage/QA/Dokumentation/Renderlaeufe/3.2.0_2026-09-04/final4/page-13.png,90760,9B3E62E668320B92F0F4A052A99F29A6FF60543CEA0C1AD6483471C5BE541B89
Konsolidierung_3.2.0,Renderlaeufe/3.2.0_2026-09-04/final4/page-14.png,50_Ablage/QA/Dokumentation/Renderlaeufe/3.2.0_2026-09-04/final4/page-14.png,298372,7822663A9AC92355AAFB936350E3C3807FA3627C6B18BF7D53611735A961EE7A
Konsolidierung_3.2.0,Renderlaeufe/3.2.0_2026-09-04/final4/page-15.png,50_Ablage/QA/Dokumentation/Renderlaeufe/3.2.0_2026-09-04/final4/page-15.png,295498,70BC46935309BF5E8263A42463C2ED5560417568596797190CC7501DC001410F
Konsolidierung_3.2.0,Renderlaeufe/3.2.0_2026-09-04/final4/page-16.png,50_Ablage/QA/Dokumentation/Renderlaeufe/3.2.0_2026-09-04/final4/page-16.png,251714,13A81FD90936959AACBA3E3042EEC3AEA78209B5755053A033A4E31456223066
Konsolidierung_3.2.0,Renderlaeufe/3.2.0_2026-09-04/final4/page-17.png,50_Ablage/QA/Dokumentation/Renderlaeufe/3.2.0_2026-09-04/final4/page-17.png,264369,0FED71C9105492FF91799A8E07E8BC77F4AEDD398BCE4FA1B5AD0CF7C60770B5
Konsolidierung_3.2.0,Renderlaeufe/3.2.0_2026-09-04/final4/page-18.png,50_Ablage/QA/Dokumentation/Renderlaeufe/3.2.0_2026-09-04/final4/page-18.png,225207,4D71870F93FA4A4303C20AD2BDB24D5FB386BF7B43E0D225AB85C97F8E4D6A07
Konsolidierung_3.2.0,Renderlaeufe/3.2.0_2026-09-04/final4/page-19.png,50_Ablage/QA/Dokumentation/Renderlaeufe/3.2.0_2026-09-04/final4/page-19.png,200732,451D7A5084A05CB613CA38CBE47A4D62BE890AD4C3D90A089B5DC93291B014C0
Konsolidierung_3.2.0,Renderlaeufe/3.2.0_2026-09-04/final4/page-2.png,50_Ablage/QA/Dokumentation/Renderlaeufe/3.2.0_2026-09-04/final4/page-2.png,129013,5BA144CCD527595AEA91F29A624EC3FC74CD3CFFC2B7E5F1CEAA24E10616C4DE
Konsolidierung_3.2.0,Renderlaeufe/3.2.0_2026-09-04/final4/page-20.png,50_Ablage/QA/Dokumentation/Renderlaeufe/3.2.0_2026-09-04/final4/page-20.png,258103,EE2D7900702C6DABF93A83E1C8F7DED28F92871FECF0785C76269CE6D0A3403D
Konsolidierung_3.2.0,Renderlaeufe/3.2.0_2026-09-04/final4/page-21.png,50_Ablage/QA/Dokumentation/Renderlaeufe/3.2.0_2026-09-04/final4/page-21.png,294768,75EB44C132F49968A546F26CF4F8040F542CD58CE62B78A36556DBBAC27CB0C3
Konsolidierung_3.2.0,Renderlaeufe/3.2.0_2026-09-04/final4/page-22.png,50_Ablage/QA/Dokumentation/Renderlaeufe/3.2.0_2026-09-04/final4/page-22.png,204712,2116C323A92C616208F6BBBA00074207AACBE70BCC2A9984AA42D5D0D196491E
Konsolidierung_3.2.0,Renderlaeufe/3.2.0_2026-09-04/final4/page-3.png,50_Ablage/QA/Dokumentation/Renderlaeufe/3.2.0_2026-09-04/final4/page-3.png,341795,08C14BD81D24322C8C95CD88C4A3FF2F810A8B9A3371DF65DCF0EAFC4D96F93E
Konsolidierung_3.2.0,Renderlaeufe/3.2.0_2026-09-04/final4/page-4.png,50_Ablage/QA/Dokumentation/Renderlaeufe/3.2.0_2026-09-04/final4/page-4.png,332522,AE2D90B961B2F55D0F61552CF0397881201A72CBCF41B8EDB595CF26DD0CD8A5
Konsolidierung_3.2.0,Renderlaeufe/3.2.0_2026-09-04/final4/page-5.png,50_Ablage/QA/Dokumentation/Renderlaeufe/3.2.0_2026-09-04/final4/page-5.png,286560,A4779F7C28F9050AD344DA711FFDCA2D8738D071C5572A38C142867AD104151D
Konsolidierung_3.2.0,Renderlaeufe/3.2.0_2026-09-04/final4/page-6.png,50_Ablage/QA/Dokumentation/Renderlaeufe/3.2.0_2026-09-04/final4/page-6.png,250172,4054642BC571CBF616669F72BDCB6320C59169EF3B5E34BD13186637E87B2CF9
Konsolidierung_3.2.0,Renderlaeufe/3.2.0_2026-09-04/final4/page-7.png,50_Ablage/QA/Dokumentation/Renderlaeufe/3.2.0_2026-09-04/final4/page-7.png,241505,D96CF5496B16AF444E65CDA0C2B48C19B9F17172D631FEFFB0747A06B021FBD7
Konsolidierung_3.2.0,Renderlaeufe/3.2.0_2026-09-04/final4/page-8.png,50_Ablage/QA/Dokumentation/Renderlaeufe/3.2.0_2026-09-04/final4/page-8.png,275408,B6F4AB1D07EB2B84C386016A2998F11F0AA4399137F2527DEA73355A60AC7017
Konsolidierung_3.2.0,Renderlaeufe/3.2.0_2026-09-04/final4/page-9.png,50_Ablage/QA/Dokumentation/Renderlaeufe/3.2.0_2026-09-04/final4/page-9.png,305998,C5C69998C735CB0AD35857F3660EE1CCF238DC286E615A443A2F46B8302439EE
Konsolidierung_3.2.0,Renderlaeufe/3.2.0_2026-09-04/final4.pdf,50_Ablage/QA/Dokumentation/Renderlaeufe/3.2.0_2026-09-04/final4.pdf,470106,F959D412552E65D9589F9BEC9C918F48DCD9C7A7D95CF67DE2F5FDEF3BFFE901
Konsolidierung_3.2.0,Renderlaeufe/3.2.0_2026-09-04/finalize_texts.py,50_Ablage/QA/Dokumentation/Renderlaeufe/3.2.0_2026-09-04/finalize_texts.py,3698,28D72B8D18ADAC87FB2DA6D454A7CF1F7F76339F1D14860214DDC3460E9BC4F8
Konsolidierung_3.2.0,Renderlaeufe/3.2.0_2026-09-04/finish_external_docs.py,50_Ablage/QA/Dokumentation/Renderlaeufe/3.2.0_2026-09-04/finish_external_docs.py,10726,22B814BB09B9816AF9AB78C2820F7990B9D702243416928EB240F19F033900C7
Konsolidierung_3.2.0,Renderlaeufe/3.2.0_2026-09-04/QA_ABSCHLUSS.md,50_Ablage/QA/Dokumentation/Renderlaeufe/3.2.0_2026-09-04/QA_ABSCHLUSS.md,2880,935EBDF4A5F61904B4086F68FEC67F4ADD5F6184ACCEAC81692D89C96A862B9E
Konsolidierung_3.2.0,Renderlaeufe/3.2.0_2026-09-04/reference/2.6.0 – Glide_Arbeitsvorbereitung_Codex_Build_Release_Plan.pdf,50_Ablage/QA/Dokumentation/Renderlaeufe/3.2.0_2026-09-04/reference/2.6.0 – Glide_Arbeitsvorbereitung_Codex_Build_Release_Plan.pdf,482881,66A1696EB73CFAD5C6B61E7059A0EAC069A938946C48BB11B9875DBD03A1235C
Konsolidierung_3.2.0,Renderlaeufe/3.2.0_2026-09-04/reference/page-1.png,50_Ablage/QA/Dokumentation/Renderlaeufe/3.2.0_2026-09-04/reference/page-1.png,97961,7C259BFC2FEC978AEFF908D554A2302AF3FE7986368AB3E005478CF3B34F7B8F
Konsolidierung_3.2.0,Renderlaeufe/3.2.0_2026-09-04/reference/page-10.png,50_Ablage/QA/Dokumentation/Renderlaeufe/3.2.0_2026-09-04/reference/page-10.png,252013,D18A2F3A6E1ADD02CBA5D53F25FC30D4E170A7607C4EFE8E68A24723F254B83B
Konsolidierung_3.2.0,Renderlaeufe/3.2.0_2026-09-04/reference/page-11.png,50_Ablage/QA/Dokumentation/Renderlaeufe/3.2.0_2026-09-04/reference/page-11.png,218664,5D223F5C01263AA3CC7E28FDDE187FE8D3D548EB6F79AB23205FE9E99A93883E
Konsolidierung_3.2.0,Renderlaeufe/3.2.0_2026-09-04/reference/page-12.png,50_Ablage/QA/Dokumentation/Renderlaeufe/3.2.0_2026-09-04/reference/page-12.png,201018,F5CFC36248D6DAC6CB0F4D37C691F2659DC5DAF98BBF0C611C1BAA3055690FAF
Konsolidierung_3.2.0,Renderlaeufe/3.2.0_2026-09-04/reference/page-13.png,50_Ablage/QA/Dokumentation/Renderlaeufe/3.2.0_2026-09-04/reference/page-13.png,143759,DF855FE565FE9A4549B594ABF29A6DB67B019348638F219F06831279DF60BF72
Konsolidierung_3.2.0,Renderlaeufe/3.2.0_2026-09-04/reference/page-14.png,50_Ablage/QA/Dokumentation/Renderlaeufe/3.2.0_2026-09-04/reference/page-14.png,267874,B53DC52699F1C5ACBCAD76F8E65C7664E9AC60BAADC4C980570AEC50CD972BDC
Konsolidierung_3.2.0,Renderlaeufe/3.2.0_2026-09-04/reference/page-15.png,50_Ablage/QA/Dokumentation/Renderlaeufe/3.2.0_2026-09-04/reference/page-15.png,256137,AD7619D954E581AB597C4110826C5C84666EB360DFD2C31DF9C444D7A5DC3C35
Konsolidierung_3.2.0,Renderlaeufe/3.2.0_2026-09-04/reference/page-16.png,50_Ablage/QA/Dokumentation/Renderlaeufe/3.2.0_2026-09-04/reference/page-16.png,296602,FE42C742FB91A23CDA5A1BA0BF606A7718B42D1E7A9F5CC328A15396BE520EB2
Konsolidierung_3.2.0,Renderlaeufe/3.2.0_2026-09-04/reference/page-17.png,50_Ablage/QA/Dokumentation/Renderlaeufe/3.2.0_2026-09-04/reference/page-17.png,274491,6DE44F3076F974439B662FFC4355A9FC7BFCB5061D6A2520F259D5E515532EBB
Konsolidierung_3.2.0,Renderlaeufe/3.2.0_2026-09-04/reference/page-18.png,50_Ablage/QA/Dokumentation/Renderlaeufe/3.2.0_2026-09-04/reference/page-18.png,206182,B33DCDBEFA2CA5E852FDCB8620047C1604A954F6622E55A4B76D8BF18B47704D
Konsolidierung_3.2.0,Renderlaeufe/3.2.0_2026-09-04/reference/page-19.png,50_Ablage/QA/Dokumentation/Renderlaeufe/3.2.0_2026-09-04/reference/page-19.png,239530,7AAB405EE5DFA93DAA8B4256BCD77D1A17649B8659EC2B5F92771587483F3A34
Konsolidierung_3.2.0,Renderlaeufe/3.2.0_2026-09-04/reference/page-2.png,50_Ablage/QA/Dokumentation/Renderlaeufe/3.2.0_2026-09-04/reference/page-2.png,128988,D00A2BCD161B071F3D53EFBBF7871B2666B25F21C40B4100F8FF1F889064AF4A
Konsolidierung_3.2.0,Renderlaeufe/3.2.0_2026-09-04/reference/page-20.png,50_Ablage/QA/Dokumentation/Renderlaeufe/3.2.0_2026-09-04/reference/page-20.png,279741,0107DFE4866AB3D14F4096776C53085DC84F004A1A904B7A62CBD6CDEEAAEE43
Konsolidierung_3.2.0,Renderlaeufe/3.2.0_2026-09-04/reference/page-21.png,50_Ablage/QA/Dokumentation/Renderlaeufe/3.2.0_2026-09-04/reference/page-21.png,304252,46907E5B3F9542F974E3CDD81442A09241B5CA9B1C84B397324F9CD65D6AE43B
Konsolidierung_3.2.0,Renderlaeufe/3.2.0_2026-09-04/reference/page-22.png,50_Ablage/QA/Dokumentation/Renderlaeufe/3.2.0_2026-09-04/reference/page-22.png,185271,44F5817083C0460132B8A391312D58568A168F9473D5A6B92EDD44E9A87FB6B3
Konsolidierung_3.2.0,Renderlaeufe/3.2.0_2026-09-04/reference/page-3.png,50_Ablage/QA/Dokumentation/Renderlaeufe/3.2.0_2026-09-04/reference/page-3.png,363015,D1493779995D92958BF39F57861FF9A1C00AA9A03574771CF17FD6B303659CBC
Konsolidierung_3.2.0,Renderlaeufe/3.2.0_2026-09-04/reference/page-4.png,50_Ablage/QA/Dokumentation/Renderlaeufe/3.2.0_2026-09-04/reference/page-4.png,318417,E3D0C3B9148423F7650EE34653EA52BD7E8CD73DB1E3C3F0C31789F9262BF24E
Konsolidierung_3.2.0,Renderlaeufe/3.2.0_2026-09-04/reference/page-5.png,50_Ablage/QA/Dokumentation/Renderlaeufe/3.2.0_2026-09-04/reference/page-5.png,345682,B0C0BFD32248DBF981812458AE5F0AB4BDBF42E926DFC3E97E9A915DA3039BD2
Konsolidierung_3.2.0,Renderlaeufe/3.2.0_2026-09-04/reference/page-6.png,50_Ablage/QA/Dokumentation/Renderlaeufe/3.2.0_2026-09-04/reference/page-6.png,276712,AF21D65F7E46F33F4C6277BD4D06E74EFBCB5777C54CC067BFA6C017834B0C80
Konsolidierung_3.2.0,Renderlaeufe/3.2.0_2026-09-04/reference/page-7.png,50_Ablage/QA/Dokumentation/Renderlaeufe/3.2.0_2026-09-04/reference/page-7.png,277609,6B049E5A1F07D70D8518E0E7F23916747801DB28E95C4A9673BF22322AF6787B
Konsolidierung_3.2.0,Renderlaeufe/3.2.0_2026-09-04/reference/page-8.png,50_Ablage/QA/Dokumentation/Renderlaeufe/3.2.0_2026-09-04/reference/page-8.png,184317,6810AB5EC6B0D75B19E6D79B3900ACE600954D0A39800E5E1B59BC036865AB97
Konsolidierung_3.2.0,Renderlaeufe/3.2.0_2026-09-04/reference/page-9.png,50_Ablage/QA/Dokumentation/Renderlaeufe/3.2.0_2026-09-04/reference/page-9.png,238218,CA0112A7628FF24DE79C68AB1FD7BF08A2704B57161D82E60173AFCB42BFA672
Konsolidierung_3.2.0,Renderlaeufe/3.2.0_2026-09-04/reference.pdf,50_Ablage/QA/Dokumentation/Renderlaeufe/3.2.0_2026-09-04/reference.pdf,482881,66A1696EB73CFAD5C6B61E7059A0EAC069A938946C48BB11B9875DBD03A1235C
Konsolidierung_3.2.0,Renderlaeufe/3.2.0_2026-09-04/render_with_word.py,50_Ablage/QA/Dokumentation/Renderlaeufe/3.2.0_2026-09-04/render_with_word.py,997,18E7209A07EF677FD3BA48DB972FFBF7AC7F554D839378FFD5CAAC4F5D200C2E
Konsolidierung_3.2.0,Renderlaeufe/3.2.0_2026-09-04/revise_docx.py,50_Ablage/QA/Dokumentation/Renderlaeufe/3.2.0_2026-09-04/revise_docx.py,25233,B3B726BD71C3EE05953D80B18674CFA3FAB7DB09FBB54A6C7D24B73DB0990673
Konsolidierung_3.2.0,Renderlaeufe/3.2.0_2026-09-04/update_workspace_docs.py,50_Ablage/QA/Dokumentation/Renderlaeufe/3.2.0_2026-09-04/update_workspace_docs.py,19688,3AA8AD2971575939E27198A262A14B8B4FB51FFEF6E4B1137357C3397EF8525F
Konsolidierung_3.2.0,Renderlaeufe/3.2.0_2026-09-04/verify_and_manifest.py,50_Ablage/QA/Dokumentation/Renderlaeufe/3.2.0_2026-09-04/verify_and_manifest.py,6351,4C169C554937A3783CC21BBA795F9A05C94C3563CAC8F959FD7F101398148DD5
_qa_docx_source,page-01.png,50_Ablage/QA/Dokumentation/Renderlaeufe/_qa_docx_source/page-01.png,78319,3FE665C4566823F94C8146E9B2682275E1541A22ADCAE6C5326A5618B85C062E
_qa_docx_source,page-02.png,50_Ablage/QA/Dokumentation/Renderlaeufe/_qa_docx_source/page-02.png,101276,52F25FA92EA1A3DA01E194A7DC54713B0802D45BC511776B3285B6EC6BFD6813
_qa_docx_source,page-03.png,50_Ablage/QA/Dokumentation/Renderlaeufe/_qa_docx_source/page-03.png,242563,C6F652A43C033A321C1274C15A6891BD8889DEA4D9E943F9C273861A969E7E9E
_qa_docx_source,page-04.png,50_Ablage/QA/Dokumentation/Renderlaeufe/_qa_docx_source/page-04.png,188009,F0CDA2B70F92AD37C76EEAF8225C18645406A74048E87CB6F7F819FBEE3A41B6
_qa_docx_source,page-05.png,50_Ablage/QA/Dokumentation/Renderlaeufe/_qa_docx_source/page-05.png,190152,9EB84B9C5B171A0FCFE7DBDB3BACA1E7E09BA32885C71918AAD6A2D5FA1E18E8
_qa_docx_source,page-06.png,50_Ablage/QA/Dokumentation/Renderlaeufe/_qa_docx_source/page-06.png,195251,B044836F8EEEA9B570F54B9A5FBEA168ECA437F09E1F345D0CE49039EEB635A8
_qa_docx_source,page-07.png,50_Ablage/QA/Dokumentation/Renderlaeufe/_qa_docx_source/page-07.png,134190,44C782DDFC08AB875F1DFA51D4160A39EAC75CBA7EE498D15471183451B698B3
_qa_docx_source,page-08.png,50_Ablage/QA/Dokumentation/Renderlaeufe/_qa_docx_source/page-08.png,163460,B37016C5FC77D2136EC088C2CA534B462BF46FF1946DF6B89A4A33373C6F9FFB
_qa_docx_source,page-09.png,50_Ablage/QA/Dokumentation/Renderlaeufe/_qa_docx_source/page-09.png,197918,6321139E49081C976E07C41D939B8130553711901269DF774C748AACE8427854
_qa_docx_source,page-10.png,50_Ablage/QA/Dokumentation/Renderlaeufe/_qa_docx_source/page-10.png,166885,685AA01577DDD95F5E59F4BD8D92DC96B063C570B976D1E92A7A6E8CD1797C58
_qa_docx_source,page-11.png,50_Ablage/QA/Dokumentation/Renderlaeufe/_qa_docx_source/page-11.png,128667,33958B2B0ACBD21EE9D02F0384C3C46B18DEF93B45555095D49377929496FEE1
_qa_docx_source,page-12.png,50_Ablage/QA/Dokumentation/Renderlaeufe/_qa_docx_source/page-12.png,181727,D21CB33F781E545A864E10C5718D21CCFE6812661DCC8A527928E9010B793685
_qa_docx_source,page-13.png,50_Ablage/QA/Dokumentation/Renderlaeufe/_qa_docx_source/page-13.png,205885,83C5E59B12A1168B5DCCADEC4B7814860088870E4A3E26AA54B82802876BECD2
_qa_docx_source,page-14.png,50_Ablage/QA/Dokumentation/Renderlaeufe/_qa_docx_source/page-14.png,116261,284FD6B70E3E4829FF3E039235B16CA06A3F11501F68EA52A65C688CD5B30D5E
_qa_docx_source,page-15.png,50_Ablage/QA/Dokumentation/Renderlaeufe/_qa_docx_source/page-15.png,164598,1B56BBC67BC15A49D2544B34D44AE1286E69D5A1A424722E3FDBAEFA475D293E
_qa_docx_source,page-16.png,50_Ablage/QA/Dokumentation/Renderlaeufe/_qa_docx_source/page-16.png,143501,9D0AD308B9DC18C7C453E7D0B7990FAB4EFA03156C19032BA39464747E946AF4
_qa_docx_source,page-17.png,50_Ablage/QA/Dokumentation/Renderlaeufe/_qa_docx_source/page-17.png,148609,1CAF058E570760204411A3F4B7EF98967601AD2D6F1CDA5C9CA9EBE5F1B0927E
_qa_docx_source,page-18.png,50_Ablage/QA/Dokumentation/Renderlaeufe/_qa_docx_source/page-18.png,192549,8AFF3EFE0F8C33193CF72987FD92144D85D4745C589DCE94CA82D96759661B59
_qa_docx_source,page-19.png,50_Ablage/QA/Dokumentation/Renderlaeufe/_qa_docx_source/page-19.png,177993,BBBD1ECE127709D133D4A572E1B3172D8B5F5AB65B187E888D9EB015788E9548
_qa_docx_source,page-20.png,50_Ablage/QA/Dokumentation/Renderlaeufe/_qa_docx_source/page-20.png,220283,D76381AF8E7F42B7ECEC44926C6512206207D05E130535FD268F6B2FD4B0A537
_qa_docx_source,source.pdf,50_Ablage/QA/Dokumentation/Renderlaeufe/_qa_docx_source/source.pdf,486629,5DC9EBD7B5A7FB804E3BA29317F6BFB54F1E320241BFE82BF16C303E81EEDAF6
_qa_docx_v252_final3,2.5.2 – Glide_Arbeitsvorbereitung_Codex_Build_Release_Plan.pdf,50_Ablage/QA/Dokumentation/Renderlaeufe/_qa_docx_v252_final3/2.5.2 – Glide_Arbeitsvorbereitung_Codex_Build_Release_Plan.pdf,621157,44CDD76F84A5DC68FFB8F31310794822C8C4DA1E7E549147E5127FD831921E07
_qa_docx_v252_final3,page-1.png,50_Ablage/QA/Dokumentation/Renderlaeufe/_qa_docx_v252_final3/page-1.png,132376,5DFF7EBA5BA42234D5DB42DB7C09FF6D229AC6981CF312613826B193C6E13420
_qa_docx_v252_final3,page-10.png,50_Ablage/QA/Dokumentation/Renderlaeufe/_qa_docx_v252_final3/page-10.png,357143,CA726622567D39DDF6271BB11344312CD5737A95509742B085026554CF23DDD6
_qa_docx_v252_final3,page-11.png,50_Ablage/QA/Dokumentation/Renderlaeufe/_qa_docx_v252_final3/page-11.png,232845,20E38700C37558F0CF021399BE67379F897AE13A541096E4625ACBFFEA897046
_qa_docx_v252_final3,page-12.png,50_Ablage/QA/Dokumentation/Renderlaeufe/_qa_docx_v252_final3/page-12.png,227234,30D67210008F9AC6A6B30C76E33A59536F6E434660F0C71FA9D4C92C9B3F8CA9
_qa_docx_v252_final3,page-13.png,50_Ablage/QA/Dokumentation/Renderlaeufe/_qa_docx_v252_final3/page-13.png,126266,3ED70B3E7A43186728022F20FFAA8678F044D6FD61F7CA4E5FB4D9B1901E04ED
_qa_docx_v252_final3,page-14.png,50_Ablage/QA/Dokumentation/Renderlaeufe/_qa_docx_v252_final3/page-14.png,364936,EF7B8B1CF534227BE0E6FD76C5192E8460F0F5912ACBB85FB27D6BFD21CBFB74
_qa_docx_v252_final3,page-15.png,50_Ablage/QA/Dokumentation/Renderlaeufe/_qa_docx_v252_final3/page-15.png,348569,B6E11FB46469F58DA6F32BD945EDAC80651C976ADCAF46DB5E5E2CF2BCD5F08D
_qa_docx_v252_final3,page-16.png,50_Ablage/QA/Dokumentation/Renderlaeufe/_qa_docx_v252_final3/page-16.png,376850,B17A072F18814E9F75D942487C524F5324EB100B4C7F1D99A9780A1132A90CE6
_qa_docx_v252_final3,page-17.png,50_Ablage/QA/Dokumentation/Renderlaeufe/_qa_docx_v252_final3/page-17.png,347840,DDA99875322A5232A5D5D14B1D92CCA2B8D2DC2BA6292644340AE1A015545D60
_qa_docx_v252_final3,page-18.png,50_Ablage/QA/Dokumentation/Renderlaeufe/_qa_docx_v252_final3/page-18.png,278724,5306EEBE4A3F80138E6E94A51DC6EBC3ECE7B3BE2975FECBEB13380073FA0363
_qa_docx_v252_final3,page-19.png,50_Ablage/QA/Dokumentation/Renderlaeufe/_qa_docx_v252_final3/page-19.png,328185,62A94CFEE63D9968F185B93A253C7DBF0CA891DA64E9DF64E5C8B6654AF654AE
_qa_docx_v252_final3,page-2.png,50_Ablage/QA/Dokumentation/Renderlaeufe/_qa_docx_v252_final3/page-2.png,181337,E146D34F95BCB1A1C128C90B47EF2CCD5BF04BAB7EB3217ADCAFEF65504FEE22
_qa_docx_v252_final3,page-20.png,50_Ablage/QA/Dokumentation/Renderlaeufe/_qa_docx_v252_final3/page-20.png,382333,110E509D3B817DBFABFAB1C556A83DF5C89651ED6AD1246DBA1BDB7103473BDE
_qa_docx_v252_final3,page-21.png,50_Ablage/QA/Dokumentation/Renderlaeufe/_qa_docx_v252_final3/page-21.png,400939,5D83D49D5C54ACD7DECCCD4D2AC9152BFD909A12A0ED1D4CADFDCBB2EA844376
_qa_docx_v252_final3,page-22.png,50_Ablage/QA/Dokumentation/Renderlaeufe/_qa_docx_v252_final3/page-22.png,244939,4E655C1372444BDC2800B1CE218AC73303902A8D3964D0E856CEFF13C8091AC2
_qa_docx_v252_final3,page-3.png,50_Ablage/QA/Dokumentation/Renderlaeufe/_qa_docx_v252_final3/page-3.png,436331,305369925646C551DA770E6E4E53325579E1F66D94E35D1B42B66C7B6F680A1F
_qa_docx_v252_final3,page-4.png,50_Ablage/QA/Dokumentation/Renderlaeufe/_qa_docx_v252_final3/page-4.png,460683,3703D718A8796EF91A8802B510AE4DC495A59963A8879E441A4D574478E13A6D
_qa_docx_v252_final3,page-5.png,50_Ablage/QA/Dokumentation/Renderlaeufe/_qa_docx_v252_final3/page-5.png,370257,7266CE0A859615FD751ED2EB3FCE2696E98DF31E3AFED1857E5F2CE40D7B2D78
_qa_docx_v252_final3,page-6.png,50_Ablage/QA/Dokumentation/Renderlaeufe/_qa_docx_v252_final3/page-6.png,346339,D985213610A3A014E3D29F614FF51CAEDB5B344A895794E70013E81306C34DB9
_qa_docx_v252_final3,page-7.png,50_Ablage/QA/Dokumentation/Renderlaeufe/_qa_docx_v252_final3/page-7.png,342577,785CAEA27C8298D1D6FE1E62A1654680DAD180F8EF6A407793E4E90E2054AFF3
_qa_docx_v252_final3,page-8.png,50_Ablage/QA/Dokumentation/Renderlaeufe/_qa_docx_v252_final3/page-8.png,202005,8D13C8D38F63AEFD2910D473F2630DB2C27D8AECAEAED86345B1B8A82453D66B
_qa_docx_v252_final3,page-9.png,50_Ablage/QA/Dokumentation/Renderlaeufe/_qa_docx_v252_final3/page-9.png,415109,AE8329379ACC388B284CC0F35978625500621258CEE974E553F55B86CB0A33EA
_qa_docx_v252_final4,2.5.2 – Glide_Arbeitsvorbereitung_Codex_Build_Release_Plan.pdf,50_Ablage/QA/Dokumentation/Renderlaeufe/_qa_docx_v252_final4/2.5.2 – Glide_Arbeitsvorbereitung_Codex_Build_Release_Plan.pdf,621157,0C5DDCEA4711293B2D239F1AF48007EBF66D2E970FA3D478B1384ACDBA7C66A0
_qa_docx_v252_final4,page-1.png,50_Ablage/QA/Dokumentation/Renderlaeufe/_qa_docx_v252_final4/page-1.png,132376,5DFF7EBA5BA42234D5DB42DB7C09FF6D229AC6981CF312613826B193C6E13420
_qa_docx_v252_final4,page-10.png,50_Ablage/QA/Dokumentation/Renderlaeufe/_qa_docx_v252_final4/page-10.png,357143,CA726622567D39DDF6271BB11344312CD5737A95509742B085026554CF23DDD6
_qa_docx_v252_final4,page-11.png,50_Ablage/QA/Dokumentation/Renderlaeufe/_qa_docx_v252_final4/page-11.png,232845,20E38700C37558F0CF021399BE67379F897AE13A541096E4625ACBFFEA897046
_qa_docx_v252_final4,page-12.png,50_Ablage/QA/Dokumentation/Renderlaeufe/_qa_docx_v252_final4/page-12.png,227234,30D67210008F9AC6A6B30C76E33A59536F6E434660F0C71FA9D4C92C9B3F8CA9
_qa_docx_v252_final4,page-13.png,50_Ablage/QA/Dokumentation/Renderlaeufe/_qa_docx_v252_final4/page-13.png,126266,3ED70B3E7A43186728022F20FFAA8678F044D6FD61F7CA4E5FB4D9B1901E04ED
_qa_docx_v252_final4,page-14.png,50_Ablage/QA/Dokumentation/Renderlaeufe/_qa_docx_v252_final4/page-14.png,364936,EF7B8B1CF534227BE0E6FD76C5192E8460F0F5912ACBB85FB27D6BFD21CBFB74
_qa_docx_v252_final4,page-15.png,50_Ablage/QA/Dokumentation/Renderlaeufe/_qa_docx_v252_final4/page-15.png,348569,B6E11FB46469F58DA6F32BD945EDAC80651C976ADCAF46DB5E5E2CF2BCD5F08D
_qa_docx_v252_final4,page-16.png,50_Ablage/QA/Dokumentation/Renderlaeufe/_qa_docx_v252_final4/page-16.png,376850,B17A072F18814E9F75D942487C524F5324EB100B4C7F1D99A9780A1132A90CE6
_qa_docx_v252_final4,page-17.png,50_Ablage/QA/Dokumentation/Renderlaeufe/_qa_docx_v252_final4/page-17.png,347840,DDA99875322A5232A5D5D14B1D92CCA2B8D2DC2BA6292644340AE1A015545D60
_qa_docx_v252_final4,page-18.png,50_Ablage/QA/Dokumentation/Renderlaeufe/_qa_docx_v252_final4/page-18.png,278724,5306EEBE4A3F80138E6E94A51DC6EBC3ECE7B3BE2975FECBEB13380073FA0363
_qa_docx_v252_final4,page-19.png,50_Ablage/QA/Dokumentation/Renderlaeufe/_qa_docx_v252_final4/page-19.png,328185,62A94CFEE63D9968F185B93A253C7DBF0CA891DA64E9DF64E5C8B6654AF654AE
_qa_docx_v252_final4,page-2.png,50_Ablage/QA/Dokumentation/Renderlaeufe/_qa_docx_v252_final4/page-2.png,181337,E146D34F95BCB1A1C128C90B47EF2CCD5BF04BAB7EB3217ADCAFEF65504FEE22
_qa_docx_v252_final4,page-20.png,50_Ablage/QA/Dokumentation/Renderlaeufe/_qa_docx_v252_final4/page-20.png,382333,110E509D3B817DBFABFAB1C556A83DF5C89651ED6AD1246DBA1BDB7103473BDE
_qa_docx_v252_final4,page-21.png,50_Ablage/QA/Dokumentation/Renderlaeufe/_qa_docx_v252_final4/page-21.png,400939,5D83D49D5C54ACD7DECCCD4D2AC9152BFD909A12A0ED1D4CADFDCBB2EA844376
_qa_docx_v252_final4,page-22.png,50_Ablage/QA/Dokumentation/Renderlaeufe/_qa_docx_v252_final4/page-22.png,244939,4E655C1372444BDC2800B1CE218AC73303902A8D3964D0E856CEFF13C8091AC2
_qa_docx_v252_final4,page-3.png,50_Ablage/QA/Dokumentation/Renderlaeufe/_qa_docx_v252_final4/page-3.png,436331,305369925646C551DA770E6E4E53325579E1F66D94E35D1B42B66C7B6F680A1F
_qa_docx_v252_final4,page-4.png,50_Ablage/QA/Dokumentation/Renderlaeufe/_qa_docx_v252_final4/page-4.png,460683,3703D718A8796EF91A8802B510AE4DC495A59963A8879E441A4D574478E13A6D
_qa_docx_v252_final4,page-5.png,50_Ablage/QA/Dokumentation/Renderlaeufe/_qa_docx_v252_final4/page-5.png,370257,7266CE0A859615FD751ED2EB3FCE2696E98DF31E3AFED1857E5F2CE40D7B2D78
_qa_docx_v252_final4,page-6.png,50_Ablage/QA/Dokumentation/Renderlaeufe/_qa_docx_v252_final4/page-6.png,346339,D985213610A3A014E3D29F614FF51CAEDB5B344A895794E70013E81306C34DB9
_qa_docx_v252_final4,page-7.png,50_Ablage/QA/Dokumentation/Renderlaeufe/_qa_docx_v252_final4/page-7.png,342577,785CAEA27C8298D1D6FE1E62A1654680DAD180F8EF6A407793E4E90E2054AFF3
_qa_docx_v252_final4,page-8.png,50_Ablage/QA/Dokumentation/Renderlaeufe/_qa_docx_v252_final4/page-8.png,202005,8D13C8D38F63AEFD2910D473F2630DB2C27D8AECAEAED86345B1B8A82453D66B
_qa_docx_v252_final4,page-9.png,50_Ablage/QA/Dokumentation/Renderlaeufe/_qa_docx_v252_final4/page-9.png,415109,AE8329379ACC388B284CC0F35978625500621258CEE974E553F55B86CB0A33EA
_qa_docx_v252_final5,2.5.2 – Glide_Arbeitsvorbereitung_Codex_Build_Release_Plan.pdf,50_Ablage/QA/Dokumentation/Renderlaeufe/_qa_docx_v252_final5/2.5.2 – Glide_Arbeitsvorbereitung_Codex_Build_Release_Plan.pdf,622092,01B240606903C5FD5355AFDEDF3AF35C304CFD76830648A6A00A70C080EA999C
_qa_docx_v252_final5,page-1.png,50_Ablage/QA/Dokumentation/Renderlaeufe/_qa_docx_v252_final5/page-1.png,132376,5DFF7EBA5BA42234D5DB42DB7C09FF6D229AC6981CF312613826B193C6E13420
_qa_docx_v252_final5,page-10.png,50_Ablage/QA/Dokumentation/Renderlaeufe/_qa_docx_v252_final5/page-10.png,357143,CA726622567D39DDF6271BB11344312CD5737A95509742B085026554CF23DDD6
_qa_docx_v252_final5,page-11.png,50_Ablage/QA/Dokumentation/Renderlaeufe/_qa_docx_v252_final5/page-11.png,232845,20E38700C37558F0CF021399BE67379F897AE13A541096E4625ACBFFEA897046
_qa_docx_v252_final5,page-12.png,50_Ablage/QA/Dokumentation/Renderlaeufe/_qa_docx_v252_final5/page-12.png,227234,30D67210008F9AC6A6B30C76E33A59536F6E434660F0C71FA9D4C92C9B3F8CA9
_qa_docx_v252_final5,page-13.png,50_Ablage/QA/Dokumentation/Renderlaeufe/_qa_docx_v252_final5/page-13.png,126266,3ED70B3E7A43186728022F20FFAA8678F044D6FD61F7CA4E5FB4D9B1901E04ED
_qa_docx_v252_final5,page-14.png,50_Ablage/QA/Dokumentation/Renderlaeufe/_qa_docx_v252_final5/page-14.png,364936,EF7B8B1CF534227BE0E6FD76C5192E8460F0F5912ACBB85FB27D6BFD21CBFB74
_qa_docx_v252_final5,page-15.png,50_Ablage/QA/Dokumentation/Renderlaeufe/_qa_docx_v252_final5/page-15.png,348569,B6E11FB46469F58DA6F32BD945EDAC80651C976ADCAF46DB5E5E2CF2BCD5F08D
_qa_docx_v252_final5,page-16.png,50_Ablage/QA/Dokumentation/Renderlaeufe/_qa_docx_v252_final5/page-16.png,376850,B17A072F18814E9F75D942487C524F5324EB100B4C7F1D99A9780A1132A90CE6
_qa_docx_v252_final5,page-17.png,50_Ablage/QA/Dokumentation/Renderlaeufe/_qa_docx_v252_final5/page-17.png,347840,DDA99875322A5232A5D5D14B1D92CCA2B8D2DC2BA6292644340AE1A015545D60
_qa_docx_v252_final5,page-18.png,50_Ablage/QA/Dokumentation/Renderlaeufe/_qa_docx_v252_final5/page-18.png,278724,5306EEBE4A3F80138E6E94A51DC6EBC3ECE7B3BE2975FECBEB13380073FA0363
_qa_docx_v252_final5,page-19.png,50_Ablage/QA/Dokumentation/Renderlaeufe/_qa_docx_v252_final5/page-19.png,328185,62A94CFEE63D9968F185B93A253C7DBF0CA891DA64E9DF64E5C8B6654AF654AE
_qa_docx_v252_final5,page-2.png,50_Ablage/QA/Dokumentation/Renderlaeufe/_qa_docx_v252_final5/page-2.png,181337,E146D34F95BCB1A1C128C90B47EF2CCD5BF04BAB7EB3217ADCAFEF65504FEE22
_qa_docx_v252_final5,page-20.png,50_Ablage/QA/Dokumentation/Renderlaeufe/_qa_docx_v252_final5/page-20.png,382333,110E509D3B817DBFABFAB1C556A83DF5C89651ED6AD1246DBA1BDB7103473BDE
_qa_docx_v252_final5,page-21.png,50_Ablage/QA/Dokumentation/Renderlaeufe/_qa_docx_v252_final5/page-21.png,400939,5D83D49D5C54ACD7DECCCD4D2AC9152BFD909A12A0ED1D4CADFDCBB2EA844376
_qa_docx_v252_final5,page-22.png,50_Ablage/QA/Dokumentation/Renderlaeufe/_qa_docx_v252_final5/page-22.png,244939,4E655C1372444BDC2800B1CE218AC73303902A8D3964D0E856CEFF13C8091AC2
_qa_docx_v252_final5,page-3.png,50_Ablage/QA/Dokumentation/Renderlaeufe/_qa_docx_v252_final5/page-3.png,436331,305369925646C551DA770E6E4E53325579E1F66D94E35D1B42B66C7B6F680A1F
_qa_docx_v252_final5,page-4.png,50_Ablage/QA/Dokumentation/Renderlaeufe/_qa_docx_v252_final5/page-4.png,460683,3703D718A8796EF91A8802B510AE4DC495A59963A8879E441A4D574478E13A6D
_qa_docx_v252_final5,page-5.png,50_Ablage/QA/Dokumentation/Renderlaeufe/_qa_docx_v252_final5/page-5.png,370257,7266CE0A859615FD751ED2EB3FCE2696E98DF31E3AFED1857E5F2CE40D7B2D78
_qa_docx_v252_final5,page-6.png,50_Ablage/QA/Dokumentation/Renderlaeufe/_qa_docx_v252_final5/page-6.png,346339,D985213610A3A014E3D29F614FF51CAEDB5B344A895794E70013E81306C34DB9
_qa_docx_v252_final5,page-7.png,50_Ablage/QA/Dokumentation/Renderlaeufe/_qa_docx_v252_final5/page-7.png,342577,785CAEA27C8298D1D6FE1E62A1654680DAD180F8EF6A407793E4E90E2054AFF3
_qa_docx_v252_final5,page-8.png,50_Ablage/QA/Dokumentation/Renderlaeufe/_qa_docx_v252_final5/page-8.png,202005,8D13C8D38F63AEFD2910D473F2630DB2C27D8AECAEAED86345B1B8A82453D66B
_qa_docx_v252_final5,page-9.png,50_Ablage/QA/Dokumentation/Renderlaeufe/_qa_docx_v252_final5/page-9.png,415109,AE8329379ACC388B284CC0F35978625500621258CEE974E553F55B86CB0A33EA
_qa_docx_v252_intermediate,Glide_v2.5.2_intermediate.pdf,50_Ablage/QA/Dokumentation/Renderlaeufe/_qa_docx_v252_intermediate/Glide_v2.5.2_intermediate.pdf,623044,A1B04FBCC8E2AFA0880F5F583B25533AF2B7843FE54371EAD4D57AFE19993D6E
_qa_docx_v252_intermediate,page-1.png,50_Ablage/QA/Dokumentation/Renderlaeufe/_qa_docx_v252_intermediate/page-1.png,133870,7821F64A5397F083F454BD026D09EFE4350FA79A73A779B9BE554675363F9B41
_qa_docx_v252_intermediate,page-10.png,50_Ablage/QA/Dokumentation/Renderlaeufe/_qa_docx_v252_intermediate/page-10.png,269431,FA17AC020769472B2B74252948F56735398114BC46460F31A09B02D77CE73538
_qa_docx_v252_intermediate,page-11.png,50_Ablage/QA/Dokumentation/Renderlaeufe/_qa_docx_v252_intermediate/page-11.png,285981,A301283ADC427EC4B6A4952AAF2D2496E8CCE546D5FF3EA8ADC8D28B837D6A6D
_qa_docx_v252_intermediate,page-12.png,50_Ablage/QA/Dokumentation/Renderlaeufe/_qa_docx_v252_intermediate/page-12.png,215914,ACE2E8F55CDE1FF6CD4384F509B00B9312A1E5BEC545EF5751B99FFE05B84F8A
_qa_docx_v252_intermediate,page-13.png,50_Ablage/QA/Dokumentation/Renderlaeufe/_qa_docx_v252_intermediate/page-13.png,193176,C1179C17E9FE35956DE64B62FD5523FDA0E663258CB594C5DD787509F08DD83B
_qa_docx_v252_intermediate,page-14.png,50_Ablage/QA/Dokumentation/Renderlaeufe/_qa_docx_v252_intermediate/page-14.png,366043,EF678B1E8BDBF911D545B516AC48FFDCB7F86E25FE13EAE522B04A5481F146A6
_qa_docx_v252_intermediate,page-15.png,50_Ablage/QA/Dokumentation/Renderlaeufe/_qa_docx_v252_intermediate/page-15.png,347005,9225F43ADD9FA0F3A8904BD07F907CD6EB4D43BF37A8EED500E3D62643C3CB4B
_qa_docx_v252_intermediate,page-16.png,50_Ablage/QA/Dokumentation/Renderlaeufe/_qa_docx_v252_intermediate/page-16.png,361779,13ABBCE17EE02FD2E08AA06462A17B177C6C17395011738600031F58DA440FA6
_qa_docx_v252_intermediate,page-17.png,50_Ablage/QA/Dokumentation/Renderlaeufe/_qa_docx_v252_intermediate/page-17.png,335165,26CE2634A2DECB25E995D6147883DA5D713F9CE28B3D67CC39DF0030C97AD446
_qa_docx_v252_intermediate,page-18.png,50_Ablage/QA/Dokumentation/Renderlaeufe/_qa_docx_v252_intermediate/page-18.png,257970,0CDDE32CDAC65B8B1BB3E110050072DE970D060B98E2095B7ECCD461A8F1970E
_qa_docx_v252_intermediate,page-19.png,50_Ablage/QA/Dokumentation/Renderlaeufe/_qa_docx_v252_intermediate/page-19.png,328114,32BE1B92080F51DB9E8C7D263317ED06825240FAD1C749302606F51E50F33B92
_qa_docx_v252_intermediate,page-2.png,50_Ablage/QA/Dokumentation/Renderlaeufe/_qa_docx_v252_intermediate/page-2.png,205083,966D435F1A9A9243D21515B8090FB6805037ED76042FBEE068282E6AE608A659
_qa_docx_v252_intermediate,page-20.png,50_Ablage/QA/Dokumentation/Renderlaeufe/_qa_docx_v252_intermediate/page-20.png,81473,6D41CB00106EE9D28710783EAE54D533E9B9EDF0B37B8CD7D78C07686610EB96
_qa_docx_v252_intermediate,page-21.png,50_Ablage/QA/Dokumentation/Renderlaeufe/_qa_docx_v252_intermediate/page-21.png,383599,7147FE2C987E59CCB4C8351946E94FF053D38419272790F2272CDAEC25F31577
_qa_docx_v252_intermediate,page-22.png,50_Ablage/QA/Dokumentation/Renderlaeufe/_qa_docx_v252_intermediate/page-22.png,386032,F9136D212BC3CD255D21B852331FF53F1338C41CF74C7711E8A9BC92520656BC
_qa_docx_v252_intermediate,page-23.png,50_Ablage/QA/Dokumentation/Renderlaeufe/_qa_docx_v252_intermediate/page-23.png,262693,220649E8A13809C519E92E1B06B1DA8236B1995CF90048DE547E0769D5F3F137
_qa_docx_v252_intermediate,page-3.png,50_Ablage/QA/Dokumentation/Renderlaeufe/_qa_docx_v252_intermediate/page-3.png,437685,1EDB62EDEE620AA2988C560E52F48671A63E16B680768EE17B120C373E8754A0
_qa_docx_v252_intermediate,page-4.png,50_Ablage/QA/Dokumentation/Renderlaeufe/_qa_docx_v252_intermediate/page-4.png,461953,BAFFE9A8A2E902FDE4337D08A2ACFEF7171223376C50C658403FD80A8B0983B1
_qa_docx_v252_intermediate,page-5.png,50_Ablage/QA/Dokumentation/Renderlaeufe/_qa_docx_v252_intermediate/page-5.png,362872,75F2DF82F5D8B5AD17149287A2CAE4BE262741209549814B0F97340EE4958F66
_qa_docx_v252_intermediate,page-6.png,50_Ablage/QA/Dokumentation/Renderlaeufe/_qa_docx_v252_intermediate/page-6.png,356920,A2CC7418CE75E2824B93D33903CD65233A61FFBB5233CED4830FD9673A5433B8
_qa_docx_v252_intermediate,page-7.png,50_Ablage/QA/Dokumentation/Renderlaeufe/_qa_docx_v252_intermediate/page-7.png,338835,5BCDF85197160AC7E06A76D67B6E5C84CE7B50BC601216AB117825C138375B40
_qa_docx_v252_intermediate,page-8.png,50_Ablage/QA/Dokumentation/Renderlaeufe/_qa_docx_v252_intermediate/page-8.png,208379,CEF81E6060FE01B7AE0BC1CAFC6BE52AB745E882DE2A1E6E8B39C40285B618BF
_qa_docx_v252_intermediate,page-9.png,50_Ablage/QA/Dokumentation/Renderlaeufe/_qa_docx_v252_intermediate/page-9.png,400628,5EABAC53D80E00930C595F40588833EE38CC79BD71EA2F4555DDFD5F238F65CA
Konsolidierung_3.2.0,Renderlaeufe/Archiv/_qa_docx_v251/page-01.png,50_Ablage/QA/Dokumentation/Renderlaeufe/Archiv/_qa_docx_v251/page-01.png,79995,60662C1059175EAFEC05FB6B18A4BA6495F5B8C886121EA80EC06237D56E5327
Konsolidierung_3.2.0,Renderlaeufe/Archiv/_qa_docx_v251/page-02.png,50_Ablage/QA/Dokumentation/Renderlaeufe/Archiv/_qa_docx_v251/page-02.png,99651,EA2471BF2953B9F09509C837870BCB2A5AB861D39DAD938AD5F80C4D11D037A2
Konsolidierung_3.2.0,Renderlaeufe/Archiv/_qa_docx_v251/page-03.png,50_Ablage/QA/Dokumentation/Renderlaeufe/Archiv/_qa_docx_v251/page-03.png,239582,6CBA9B8CDF1C105A970C4E00AFBED0F952B8A101EC01FEAA10C8BA49146A25E2
Konsolidierung_3.2.0,Renderlaeufe/Archiv/_qa_docx_v251/page-04.png,50_Ablage/QA/Dokumentation/Renderlaeufe/Archiv/_qa_docx_v251/page-04.png,201020,8157EE7EF4A01C4330726BCE49AEB3E92A247C43BED6AABB13B9BFC60E93FA62
Konsolidierung_3.2.0,Renderlaeufe/Archiv/_qa_docx_v251/page-05.png,50_Ablage/QA/Dokumentation/Renderlaeufe/Archiv/_qa_docx_v251/page-05.png,210586,2A85D8278E93F84823FB6E0870C8E155834F988A8C36C86AE6778733F23A6858
Konsolidierung_3.2.0,Renderlaeufe/Archiv/_qa_docx_v251/page-06.png,50_Ablage/QA/Dokumentation/Renderlaeufe/Archiv/_qa_docx_v251/page-06.png,182969,8521E0D6775E164CCD121DE0D0FEC5D110754D7B781159C0463BD1A329D06D9F
Konsolidierung_3.2.0,Renderlaeufe/Archiv/_qa_docx_v251/page-07.png,50_Ablage/QA/Dokumentation/Renderlaeufe/Archiv/_qa_docx_v251/page-07.png,176546,3DE900FA24656368A6F86F7CB62ABE83D86D03077C77AAEA16094E53A8F27186
Konsolidierung_3.2.0,Renderlaeufe/Archiv/_qa_docx_v251/page-08.png,50_Ablage/QA/Dokumentation/Renderlaeufe/Archiv/_qa_docx_v251/page-08.png,136561,3789FCE473EE1BD8F09016BCCC8E4BC31FCD953FE940411E50A82B038E2F9AA8
Konsolidierung_3.2.0,Renderlaeufe/Archiv/_qa_docx_v251/page-09.png,50_Ablage/QA/Dokumentation/Renderlaeufe/Archiv/_qa_docx_v251/page-09.png,205095,3007B50650E5A8B598BD3511CB3363B30F7BE91738034AD984F4408555F6AE92
Konsolidierung_3.2.0,Renderlaeufe/Archiv/_qa_docx_v251/page-10.png,50_Ablage/QA/Dokumentation/Renderlaeufe/Archiv/_qa_docx_v251/page-10.png,189120,3F296C981AB791BB83B488752752107910BE8C6F21547738365D4E740BD5854B
Konsolidierung_3.2.0,Renderlaeufe/Archiv/_qa_docx_v251/page-11.png,50_Ablage/QA/Dokumentation/Renderlaeufe/Archiv/_qa_docx_v251/page-11.png,158288,6042F9DE3B78891304395DF8221C887095C238D5CF44069DB09DA8B43925823E
Konsolidierung_3.2.0,Renderlaeufe/Archiv/_qa_docx_v251/page-12.png,50_Ablage/QA/Dokumentation/Renderlaeufe/Archiv/_qa_docx_v251/page-12.png,154794,8D51989B61E42A0B63BC3EE110F57C3651F5B8A38053673C6A886564F61E6DF2
Konsolidierung_3.2.0,Renderlaeufe/Archiv/_qa_docx_v251/page-13.png,50_Ablage/QA/Dokumentation/Renderlaeufe/Archiv/_qa_docx_v251/page-13.png,203590,907EC5A753A489C5899EDFF9DAA0CA63B9C2DB5EDD737CE849512AB58144C3FA
Konsolidierung_3.2.0,Renderlaeufe/Archiv/_qa_docx_v251/page-14.png,50_Ablage/QA/Dokumentation/Renderlaeufe/Archiv/_qa_docx_v251/page-14.png,189678,5F7F2ED93A7FAD3B04627D3B33BB8F863050537AA85B76C3D4C3D47AB914D3CA
Konsolidierung_3.2.0,Renderlaeufe/Archiv/_qa_docx_v251/page-15.png,50_Ablage/QA/Dokumentation/Renderlaeufe/Archiv/_qa_docx_v251/page-15.png,200021,A911404D9ECAE307DA4628BCACC0ADD4153E9132D319F3120AF5BC6E4F944735
Konsolidierung_3.2.0,Renderlaeufe/Archiv/_qa_docx_v251/page-16.png,50_Ablage/QA/Dokumentation/Renderlaeufe/Archiv/_qa_docx_v251/page-16.png,163800,2EA8ECC1F833ED8EA3F88AC60C47D8FEBFDA081BC55199F90ECA019701559B4A
Konsolidierung_3.2.0,Renderlaeufe/Archiv/_qa_docx_v251/page-17.png,50_Ablage/QA/Dokumentation/Renderlaeufe/Archiv/_qa_docx_v251/page-17.png,149822,5C9914FD185813DD3999BB9984950EF0B16130096353BEAED7AF87C550CDBC8F
Konsolidierung_3.2.0,Renderlaeufe/Archiv/_qa_docx_v251/page-18.png,50_Ablage/QA/Dokumentation/Renderlaeufe/Archiv/_qa_docx_v251/page-18.png,185975,386C7990D6BFA2038D31E76EE8A4C25FA8A98CD86061E61ED1DD493F6362348D
Konsolidierung_3.2.0,Renderlaeufe/Archiv/_qa_docx_v251/page-19.png,50_Ablage/QA/Dokumentation/Renderlaeufe/Archiv/_qa_docx_v251/page-19.png,209854,EB27D83BC8B3E8BE5CA9D720831562AB624B0F02A661297688901C808F1239B6
Konsolidierung_3.2.0,Renderlaeufe/Archiv/_qa_docx_v251/page-20.png,50_Ablage/QA/Dokumentation/Renderlaeufe/Archiv/_qa_docx_v251/page-20.png,234730,E285B0CD69A56E2AAFFC855123FFBE0C1C94B16BCF932BD552DFEBC261E7B3C1
Konsolidierung_3.2.0,Renderlaeufe/Archiv/_qa_docx_v251/page-21.png,50_Ablage/QA/Dokumentation/Renderlaeufe/Archiv/_qa_docx_v251/page-21.png,67673,1BFE654E710E47AC0E7571714C483A0D67639FDD3AD7F45F45CB882FAD6AC4AE
Konsolidierung_3.2.0,Renderlaeufe/Archiv/_qa_docx_v251/revised.pdf,50_Ablage/QA/Dokumentation/Renderlaeufe/Archiv/_qa_docx_v251/revised.pdf,492657,10537446368F6F08782CA60EB27BF3FA04DD96F1DBE7CC5E881E62BE490CE52B
Konsolidierung_3.2.0,Renderlaeufe/Archiv/_qa_docx_v251_recheck/2.5.1 – Glide_Arbeitsvorbereitung_Codex_Build_Release_Plan.pdf,50_Ablage/QA/Dokumentation/Renderlaeufe/Archiv/_qa_docx_v251_recheck/2.5.1 – Glide_Arbeitsvorbereitung_Codex_Build_Release_Plan.pdf,643193,E8C8111B4A971A046F724C2B98B672E7F4B209627C2C41F54F14027B723B732D
Konsolidierung_3.2.0,Renderlaeufe/Archiv/_qa_docx_v251_recheck/page-1.png,50_Ablage/QA/Dokumentation/Renderlaeufe/Archiv/_qa_docx_v251_recheck/page-1.png,134164,7A64B86F7260987D6693453E5DCD5C3832BEF1C3BFEB56ED8A55A263E8999948
Konsolidierung_3.2.0,Renderlaeufe/Archiv/_qa_docx_v251_recheck/page-10.png,50_Ablage/QA/Dokumentation/Renderlaeufe/Archiv/_qa_docx_v251_recheck/page-10.png,335839,B446D8A79ED1F7525AE7FD83E19612E41A9F85F9FE6F4EC11157B1C0B83213A8
Konsolidierung_3.2.0,Renderlaeufe/Archiv/_qa_docx_v251_recheck/page-11.png,50_Ablage/QA/Dokumentation/Renderlaeufe/Archiv/_qa_docx_v251_recheck/page-11.png,265353,25C702A3CE53E09C76AF23237D34D7227085B28484ADBD4B19AE808907363A76
Konsolidierung_3.2.0,Renderlaeufe/Archiv/_qa_docx_v251_recheck/page-12.png,50_Ablage/QA/Dokumentation/Renderlaeufe/Archiv/_qa_docx_v251_recheck/page-12.png,315963,A5FE9FBAE74FD6A07FF472A3E20F57A9AE380E86161216ABCDED3F8B1BEA7682
Konsolidierung_3.2.0,Renderlaeufe/Archiv/_qa_docx_v251_recheck/page-13.png,50_Ablage/QA/Dokumentation/Renderlaeufe/Archiv/_qa_docx_v251_recheck/page-13.png,366444,6E9C6D61C364A387117C7034BFB2C0AF4A67A5F1ED700428FCC71BC3BD453952
Konsolidierung_3.2.0,Renderlaeufe/Archiv/_qa_docx_v251_recheck/page-14.png,50_Ablage/QA/Dokumentation/Renderlaeufe/Archiv/_qa_docx_v251_recheck/page-14.png,316343,495BB8D27A1D41758CD1596CE01B58F279D79979CA5C691E63A3D49E83D6B21D
Konsolidierung_3.2.0,Renderlaeufe/Archiv/_qa_docx_v251_recheck/page-15.png,50_Ablage/QA/Dokumentation/Renderlaeufe/Archiv/_qa_docx_v251_recheck/page-15.png,278227,6A77B840E5D003A4459DF101C92B6B8B9020D8EAB3AE9B24143B7525CAC323E4
Konsolidierung_3.2.0,Renderlaeufe/Archiv/_qa_docx_v251_recheck/page-16.png,50_Ablage/QA/Dokumentation/Renderlaeufe/Archiv/_qa_docx_v251_recheck/page-16.png,311953,33141704956CC8DBC34958ADCC9C8F9AF48986E8163FCDE45CC0E670A9E98BFC
Konsolidierung_3.2.0,Renderlaeufe/Archiv/_qa_docx_v251_recheck/page-17.png,50_Ablage/QA/Dokumentation/Renderlaeufe/Archiv/_qa_docx_v251_recheck/page-17.png,284945,ED6FF609314FB0F9EE4C0B00808D66BCC9B96B26E6370C9D82F7767E47ACCBAB
Konsolidierung_3.2.0,Renderlaeufe/Archiv/_qa_docx_v251_recheck/page-18.png,50_Ablage/QA/Dokumentation/Renderlaeufe/Archiv/_qa_docx_v251_recheck/page-18.png,392184,E8E05F44C8275445E03D5A4CE7012B249A3C22BDE43748B1463324B737F78584
Konsolidierung_3.2.0,Renderlaeufe/Archiv/_qa_docx_v251_recheck/page-19.png,50_Ablage/QA/Dokumentation/Renderlaeufe/Archiv/_qa_docx_v251_recheck/page-19.png,366802,DC6D5D62B792FE207C10E766ACBDC0A242EA9F24B0F8CBEFA3E3753D24B068D4
Konsolidierung_3.2.0,Renderlaeufe/Archiv/_qa_docx_v251_recheck/page-2.png,50_Ablage/QA/Dokumentation/Renderlaeufe/Archiv/_qa_docx_v251_recheck/page-2.png,171409,52BCC02A1B1823D43C88603AE994B036BACFF665C145B14732B22832F5D8C317
Konsolidierung_3.2.0,Renderlaeufe/Archiv/_qa_docx_v251_recheck/page-20.png,50_Ablage/QA/Dokumentation/Renderlaeufe/Archiv/_qa_docx_v251_recheck/page-20.png,362069,81BE93A5034E9E155FD7269235A0A8633D17B46CFEB88BCC01885AE2E0A19640
Konsolidierung_3.2.0,Renderlaeufe/Archiv/_qa_docx_v251_recheck/page-3.png,50_Ablage/QA/Dokumentation/Renderlaeufe/Archiv/_qa_docx_v251_recheck/page-3.png,412071,E19C6884886FCC723ED0283A69D71636DC7FCF3988847BB4C790FE4222EEB1A8
Konsolidierung_3.2.0,Renderlaeufe/Archiv/_qa_docx_v251_recheck/page-4.png,50_Ablage/QA/Dokumentation/Renderlaeufe/Archiv/_qa_docx_v251_recheck/page-4.png,396046,504BCE52894AE5E9F01BAC2B88D1E4D0C2A24030530A2494350EBF475CE62FC6
Konsolidierung_3.2.0,Renderlaeufe/Archiv/_qa_docx_v251_recheck/page-5.png,50_Ablage/QA/Dokumentation/Renderlaeufe/Archiv/_qa_docx_v251_recheck/page-5.png,415369,41851B95F22E60F15D10749C399D5AFBAA305BBF7C0B4CD2089779640ADFA109
Konsolidierung_3.2.0,Renderlaeufe/Archiv/_qa_docx_v251_recheck/page-6.png,50_Ablage/QA/Dokumentation/Renderlaeufe/Archiv/_qa_docx_v251_recheck/page-6.png,319692,A51C2B51D5A987F7B6CEA6DAB862A37DA8FA8D36A3A64A6F874D1811CF2EE477
Konsolidierung_3.2.0,Renderlaeufe/Archiv/_qa_docx_v251_recheck/page-7.png,50_Ablage/QA/Dokumentation/Renderlaeufe/Archiv/_qa_docx_v251_recheck/page-7.png,277743,AA4CD1600D207A52C8315991231C9284FDF088FBBC150A3BE358B413FC82A3F1
Konsolidierung_3.2.0,Renderlaeufe/Archiv/_qa_docx_v251_recheck/page-8.png,50_Ablage/QA/Dokumentation/Renderlaeufe/Archiv/_qa_docx_v251_recheck/page-8.png,280183,351F8197E80A187833E35C30C08746E721CDAF95E230DD65999BE605198EE4B9
Konsolidierung_3.2.0,Renderlaeufe/Archiv/_qa_docx_v251_recheck/page-9.png,50_Ablage/QA/Dokumentation/Renderlaeufe/Archiv/_qa_docx_v251_recheck/page-9.png,360674,794C59EF18EC5869FF05F298C129D51417B60BBE395B6FA12B52C7FC2DC550A2
Konsolidierung_3.2.0,Renderlaeufe/Archiv/_qa_docx_v252_final/2.5.2 – Glide_Arbeitsvorbereitung_Codex_Build_Release_Plan.pdf,50_Ablage/QA/Dokumentation/Renderlaeufe/Archiv/_qa_docx_v252_final/2.5.2 – Glide_Arbeitsvorbereitung_Codex_Build_Release_Plan.pdf,623094,18736D000339759FC50727D8DD8430FA1DA9AFFCC11FDB656885A3E860CEB370
Konsolidierung_3.2.0,Renderlaeufe/Archiv/_qa_docx_v252_final/page-1.png,50_Ablage/QA/Dokumentation/Renderlaeufe/Archiv/_qa_docx_v252_final/page-1.png,133870,7821F64A5397F083F454BD026D09EFE4350FA79A73A779B9BE554675363F9B41
Konsolidierung_3.2.0,Renderlaeufe/Archiv/_qa_docx_v252_final/page-10.png,50_Ablage/QA/Dokumentation/Renderlaeufe/Archiv/_qa_docx_v252_final/page-10.png,269431,FA17AC020769472B2B74252948F56735398114BC46460F31A09B02D77CE73538
Konsolidierung_3.2.0,Renderlaeufe/Archiv/_qa_docx_v252_final/page-11.png,50_Ablage/QA/Dokumentation/Renderlaeufe/Archiv/_qa_docx_v252_final/page-11.png,285981,A301283ADC427EC4B6A4952AAF2D2496E8CCE546D5FF3EA8ADC8D28B837D6A6D
Konsolidierung_3.2.0,Renderlaeufe/Archiv/_qa_docx_v252_final/page-12.png,50_Ablage/QA/Dokumentation/Renderlaeufe/Archiv/_qa_docx_v252_final/page-12.png,215914,ACE2E8F55CDE1FF6CD4384F509B00B9312A1E5BEC545EF5751B99FFE05B84F8A
Konsolidierung_3.2.0,Renderlaeufe/Archiv/_qa_docx_v252_final/page-13.png,50_Ablage/QA/Dokumentation/Renderlaeufe/Archiv/_qa_docx_v252_final/page-13.png,193176,C1179C17E9FE35956DE64B62FD5523FDA0E663258CB594C5DD787509F08DD83B
Konsolidierung_3.2.0,Renderlaeufe/Archiv/_qa_docx_v252_final/page-14.png,50_Ablage/QA/Dokumentation/Renderlaeufe/Archiv/_qa_docx_v252_final/page-14.png,366043,EF678B1E8BDBF911D545B516AC48FFDCB7F86E25FE13EAE522B04A5481F146A6
Konsolidierung_3.2.0,Renderlaeufe/Archiv/_qa_docx_v252_final/page-15.png,50_Ablage/QA/Dokumentation/Renderlaeufe/Archiv/_qa_docx_v252_final/page-15.png,347005,9225F43ADD9FA0F3A8904BD07F907CD6EB4D43BF37A8EED500E3D62643C3CB4B
Konsolidierung_3.2.0,Renderlaeufe/Archiv/_qa_docx_v252_final/page-16.png,50_Ablage/QA/Dokumentation/Renderlaeufe/Archiv/_qa_docx_v252_final/page-16.png,361779,13ABBCE17EE02FD2E08AA06462A17B177C6C17395011738600031F58DA440FA6
Konsolidierung_3.2.0,Renderlaeufe/Archiv/_qa_docx_v252_final/page-17.png,50_Ablage/QA/Dokumentation/Renderlaeufe/Archiv/_qa_docx_v252_final/page-17.png,335165,26CE2634A2DECB25E995D6147883DA5D713F9CE28B3D67CC39DF0030C97AD446
Konsolidierung_3.2.0,Renderlaeufe/Archiv/_qa_docx_v252_final/page-18.png,50_Ablage/QA/Dokumentation/Renderlaeufe/Archiv/_qa_docx_v252_final/page-18.png,257970,0CDDE32CDAC65B8B1BB3E110050072DE970D060B98E2095B7ECCD461A8F1970E
Konsolidierung_3.2.0,Renderlaeufe/Archiv/_qa_docx_v252_final/page-19.png,50_Ablage/QA/Dokumentation/Renderlaeufe/Archiv/_qa_docx_v252_final/page-19.png,328114,32BE1B92080F51DB9E8C7D263317ED06825240FAD1C749302606F51E50F33B92
Konsolidierung_3.2.0,Renderlaeufe/Archiv/_qa_docx_v252_final/page-2.png,50_Ablage/QA/Dokumentation/Renderlaeufe/Archiv/_qa_docx_v252_final/page-2.png,204684,25454B6D74D5AD70D2527190429E69FE5A5CFF31AFD012B9129BA88AE15CCDF1
Konsolidierung_3.2.0,Renderlaeufe/Archiv/_qa_docx_v252_final/page-20.png,50_Ablage/QA/Dokumentation/Renderlaeufe/Archiv/_qa_docx_v252_final/page-20.png,81473,6D41CB00106EE9D28710783EAE54D533E9B9EDF0B37B8CD7D78C07686610EB96
Konsolidierung_3.2.0,Renderlaeufe/Archiv/_qa_docx_v252_final/page-21.png,50_Ablage/QA/Dokumentation/Renderlaeufe/Archiv/_qa_docx_v252_final/page-21.png,383599,7147FE2C987E59CCB4C8351946E94FF053D38419272790F2272CDAEC25F31577
Konsolidierung_3.2.0,Renderlaeufe/Archiv/_qa_docx_v252_final/page-22.png,50_Ablage/QA/Dokumentation/Renderlaeufe/Archiv/_qa_docx_v252_final/page-22.png,386032,F9136D212BC3CD255D21B852331FF53F1338C41CF74C7711E8A9BC92520656BC
Konsolidierung_3.2.0,Renderlaeufe/Archiv/_qa_docx_v252_final/page-23.png,50_Ablage/QA/Dokumentation/Renderlaeufe/Archiv/_qa_docx_v252_final/page-23.png,262693,220649E8A13809C519E92E1B06B1DA8236B1995CF90048DE547E0769D5F3F137
Konsolidierung_3.2.0,Renderlaeufe/Archiv/_qa_docx_v252_final/page-3.png,50_Ablage/QA/Dokumentation/Renderlaeufe/Archiv/_qa_docx_v252_final/page-3.png,437685,1EDB62EDEE620AA2988C560E52F48671A63E16B680768EE17B120C373E8754A0
Konsolidierung_3.2.0,Renderlaeufe/Archiv/_qa_docx_v252_final/page-4.png,50_Ablage/QA/Dokumentation/Renderlaeufe/Archiv/_qa_docx_v252_final/page-4.png,461953,BAFFE9A8A2E902FDE4337D08A2ACFEF7171223376C50C658403FD80A8B0983B1
Konsolidierung_3.2.0,Renderlaeufe/Archiv/_qa_docx_v252_final/page-5.png,50_Ablage/QA/Dokumentation/Renderlaeufe/Archiv/_qa_docx_v252_final/page-5.png,362872,75F2DF82F5D8B5AD17149287A2CAE4BE262741209549814B0F97340EE4958F66
Konsolidierung_3.2.0,Renderlaeufe/Archiv/_qa_docx_v252_final/page-6.png,50_Ablage/QA/Dokumentation/Renderlaeufe/Archiv/_qa_docx_v252_final/page-6.png,356920,A2CC7418CE75E2824B93D33903CD65233A61FFBB5233CED4830FD9673A5433B8
Konsolidierung_3.2.0,Renderlaeufe/Archiv/_qa_docx_v252_final/page-7.png,50_Ablage/QA/Dokumentation/Renderlaeufe/Archiv/_qa_docx_v252_final/page-7.png,338835,5BCDF85197160AC7E06A76D67B6E5C84CE7B50BC601216AB117825C138375B40
Konsolidierung_3.2.0,Renderlaeufe/Archiv/_qa_docx_v252_final/page-8.png,50_Ablage/QA/Dokumentation/Renderlaeufe/Archiv/_qa_docx_v252_final/page-8.png,208379,CEF81E6060FE01B7AE0BC1CAFC6BE52AB745E882DE2A1E6E8B39C40285B618BF
Konsolidierung_3.2.0,Renderlaeufe/Archiv/_qa_docx_v252_final/page-9.png,50_Ablage/QA/Dokumentation/Renderlaeufe/Archiv/_qa_docx_v252_final/page-9.png,400628,5EABAC53D80E00930C595F40588833EE38CC79BD71EA2F4555DDFD5F238F65CA
Konsolidierung_3.2.0,Renderlaeufe/Archiv/_qa_docx_v252_final2/2.5.2 – Glide_Arbeitsvorbereitung_Codex_Build_Release_Plan.pdf,50_Ablage/QA/Dokumentation/Renderlaeufe/Archiv/_qa_docx_v252_final2/2.5.2 – Glide_Arbeitsvorbereitung_Codex_Build_Release_Plan.pdf,621157,7223BF62CC3D7A2FD76BA1FB8B6C315CC33CD8A0ABDD8598FFEAE75DE5599AD8
Konsolidierung_3.2.0,Renderlaeufe/Archiv/_qa_docx_v252_final2/page-1.png,50_Ablage/QA/Dokumentation/Renderlaeufe/Archiv/_qa_docx_v252_final2/page-1.png,132376,5DFF7EBA5BA42234D5DB42DB7C09FF6D229AC6981CF312613826B193C6E13420
Konsolidierung_3.2.0,Renderlaeufe/Archiv/_qa_docx_v252_final2/page-10.png,50_Ablage/QA/Dokumentation/Renderlaeufe/Archiv/_qa_docx_v252_final2/page-10.png,357143,CA726622567D39DDF6271BB11344312CD5737A95509742B085026554CF23DDD6
Konsolidierung_3.2.0,Renderlaeufe/Archiv/_qa_docx_v252_final2/page-11.png,50_Ablage/QA/Dokumentation/Renderlaeufe/Archiv/_qa_docx_v252_final2/page-11.png,232845,20E38700C37558F0CF021399BE67379F897AE13A541096E4625ACBFFEA897046
Konsolidierung_3.2.0,Renderlaeufe/Archiv/_qa_docx_v252_final2/page-12.png,50_Ablage/QA/Dokumentation/Renderlaeufe/Archiv/_qa_docx_v252_final2/page-12.png,227234,30D67210008F9AC6A6B30C76E33A59536F6E434660F0C71FA9D4C92C9B3F8CA9
Konsolidierung_3.2.0,Renderlaeufe/Archiv/_qa_docx_v252_final2/page-13.png,50_Ablage/QA/Dokumentation/Renderlaeufe/Archiv/_qa_docx_v252_final2/page-13.png,126266,3ED70B3E7A43186728022F20FFAA8678F044D6FD61F7CA4E5FB4D9B1901E04ED
Konsolidierung_3.2.0,Renderlaeufe/Archiv/_qa_docx_v252_final2/page-14.png,50_Ablage/QA/Dokumentation/Renderlaeufe/Archiv/_qa_docx_v252_final2/page-14.png,364936,EF7B8B1CF534227BE0E6FD76C5192E8460F0F5912ACBB85FB27D6BFD21CBFB74
Konsolidierung_3.2.0,Renderlaeufe/Archiv/_qa_docx_v252_final2/page-15.png,50_Ablage/QA/Dokumentation/Renderlaeufe/Archiv/_qa_docx_v252_final2/page-15.png,348569,B6E11FB46469F58DA6F32BD945EDAC80651C976ADCAF46DB5E5E2CF2BCD5F08D
Konsolidierung_3.2.0,Renderlaeufe/Archiv/_qa_docx_v252_final2/page-16.png,50_Ablage/QA/Dokumentation/Renderlaeufe/Archiv/_qa_docx_v252_final2/page-16.png,376850,B17A072F18814E9F75D942487C524F5324EB100B4C7F1D99A9780A1132A90CE6
Konsolidierung_3.2.0,Renderlaeufe/Archiv/_qa_docx_v252_final2/page-17.png,50_Ablage/QA/Dokumentation/Renderlaeufe/Archiv/_qa_docx_v252_final2/page-17.png,347840,DDA99875322A5232A5D5D14B1D92CCA2B8D2DC2BA6292644340AE1A015545D60
Konsolidierung_3.2.0,Renderlaeufe/Archiv/_qa_docx_v252_final2/page-18.png,50_Ablage/QA/Dokumentation/Renderlaeufe/Archiv/_qa_docx_v252_final2/page-18.png,278724,5306EEBE4A3F80138E6E94A51DC6EBC3ECE7B3BE2975FECBEB13380073FA0363
Konsolidierung_3.2.0,Renderlaeufe/Archiv/_qa_docx_v252_final2/page-19.png,50_Ablage/QA/Dokumentation/Renderlaeufe/Archiv/_qa_docx_v252_final2/page-19.png,328185,62A94CFEE63D9968F185B93A253C7DBF0CA891DA64E9DF64E5C8B6654AF654AE
Konsolidierung_3.2.0,Renderlaeufe/Archiv/_qa_docx_v252_final2/page-2.png,50_Ablage/QA/Dokumentation/Renderlaeufe/Archiv/_qa_docx_v252_final2/page-2.png,180821,D2A84F14648F7DBD4FB1CB41707E97C6BDAB216E47D17363C30614B04AD72501
Konsolidierung_3.2.0,Renderlaeufe/Archiv/_qa_docx_v252_final2/page-20.png,50_Ablage/QA/Dokumentation/Renderlaeufe/Archiv/_qa_docx_v252_final2/page-20.png,382333,110E509D3B817DBFABFAB1C556A83DF5C89651ED6AD1246DBA1BDB7103473BDE
Konsolidierung_3.2.0,Renderlaeufe/Archiv/_qa_docx_v252_final2/page-21.png,50_Ablage/QA/Dokumentation/Renderlaeufe/Archiv/_qa_docx_v252_final2/page-21.png,400939,5D83D49D5C54ACD7DECCCD4D2AC9152BFD909A12A0ED1D4CADFDCBB2EA844376
Konsolidierung_3.2.0,Renderlaeufe/Archiv/_qa_docx_v252_final2/page-22.png,50_Ablage/QA/Dokumentation/Renderlaeufe/Archiv/_qa_docx_v252_final2/page-22.png,244939,4E655C1372444BDC2800B1CE218AC73303902A8D3964D0E856CEFF13C8091AC2
Konsolidierung_3.2.0,Renderlaeufe/Archiv/_qa_docx_v252_final2/page-3.png,50_Ablage/QA/Dokumentation/Renderlaeufe/Archiv/_qa_docx_v252_final2/page-3.png,436331,305369925646C551DA770E6E4E53325579E1F66D94E35D1B42B66C7B6F680A1F
Konsolidierung_3.2.0,Renderlaeufe/Archiv/_qa_docx_v252_final2/page-4.png,50_Ablage/QA/Dokumentation/Renderlaeufe/Archiv/_qa_docx_v252_final2/page-4.png,460683,3703D718A8796EF91A8802B510AE4DC495A59963A8879E441A4D574478E13A6D
Konsolidierung_3.2.0,Renderlaeufe/Archiv/_qa_docx_v252_final2/page-5.png,50_Ablage/QA/Dokumentation/Renderlaeufe/Archiv/_qa_docx_v252_final2/page-5.png,370257,7266CE0A859615FD751ED2EB3FCE2696E98DF31E3AFED1857E5F2CE40D7B2D78
Konsolidierung_3.2.0,Renderlaeufe/Archiv/_qa_docx_v252_final2/page-6.png,50_Ablage/QA/Dokumentation/Renderlaeufe/Archiv/_qa_docx_v252_final2/page-6.png,346339,D985213610A3A014E3D29F614FF51CAEDB5B344A895794E70013E81306C34DB9
Konsolidierung_3.2.0,Renderlaeufe/Archiv/_qa_docx_v252_final2/page-7.png,50_Ablage/QA/Dokumentation/Renderlaeufe/Archiv/_qa_docx_v252_final2/page-7.png,342577,785CAEA27C8298D1D6FE1E62A1654680DAD180F8EF6A407793E4E90E2054AFF3
Konsolidierung_3.2.0,Renderlaeufe/Archiv/_qa_docx_v252_final2/page-8.png,50_Ablage/QA/Dokumentation/Renderlaeufe/Archiv/_qa_docx_v252_final2/page-8.png,202005,8D13C8D38F63AEFD2910D473F2630DB2C27D8AECAEAED86345B1B8A82453D66B
Konsolidierung_3.2.0,Renderlaeufe/Archiv/_qa_docx_v252_final2/page-9.png,50_Ablage/QA/Dokumentation/Renderlaeufe/Archiv/_qa_docx_v252_final2/page-9.png,415109,AE8329379ACC388B284CC0F35978625500621258CEE974E553F55B86CB0A33EA
Konsolidierung_3.2.0,Renderlaeufe/Archiv/_qa_docx_v252_final3/2.5.2 – Glide_Arbeitsvorbereitung_Codex_Build_Release_Plan.pdf,50_Ablage/QA/Dokumentation/Renderlaeufe/Archiv/_qa_docx_v252_final3/2.5.2 – Glide_Arbeitsvorbereitung_Codex_Build_Release_Plan.pdf,621157,44CDD76F84A5DC68FFB8F31310794822C8C4DA1E7E549147E5127FD831921E07
Konsolidierung_3.2.0,Renderlaeufe/Archiv/_qa_docx_v252_final3/page-1.png,50_Ablage/QA/Dokumentation/Renderlaeufe/Archiv/_qa_docx_v252_final3/page-1.png,132376,5DFF7EBA5BA42234D5DB42DB7C09FF6D229AC6981CF312613826B193C6E13420
Konsolidierung_3.2.0,Renderlaeufe/Archiv/_qa_docx_v252_final3/page-10.png,50_Ablage/QA/Dokumentation/Renderlaeufe/Archiv/_qa_docx_v252_final3/page-10.png,357143,CA726622567D39DDF6271BB11344312CD5737A95509742B085026554CF23DDD6
Konsolidierung_3.2.0,Renderlaeufe/Archiv/_qa_docx_v252_final3/page-11.png,50_Ablage/QA/Dokumentation/Renderlaeufe/Archiv/_qa_docx_v252_final3/page-11.png,232845,20E38700C37558F0CF021399BE67379F897AE13A541096E4625ACBFFEA897046
Konsolidierung_3.2.0,Renderlaeufe/Archiv/_qa_docx_v252_final3/page-12.png,50_Ablage/QA/Dokumentation/Renderlaeufe/Archiv/_qa_docx_v252_final3/page-12.png,227234,30D67210008F9AC6A6B30C76E33A59536F6E434660F0C71FA9D4C92C9B3F8CA9
Konsolidierung_3.2.0,Renderlaeufe/Archiv/_qa_docx_v252_final3/page-13.png,50_Ablage/QA/Dokumentation/Renderlaeufe/Archiv/_qa_docx_v252_final3/page-13.png,126266,3ED70B3E7A43186728022F20FFAA8678F044D6FD61F7CA4E5FB4D9B1901E04ED
Konsolidierung_3.2.0,Renderlaeufe/Archiv/_qa_docx_v252_final3/page-14.png,50_Ablage/QA/Dokumentation/Renderlaeufe/Archiv/_qa_docx_v252_final3/page-14.png,364936,EF7B8B1CF534227BE0E6FD76C5192E8460F0F5912ACBB85FB27D6BFD21CBFB74
Konsolidierung_3.2.0,Renderlaeufe/Archiv/_qa_docx_v252_final3/page-15.png,50_Ablage/QA/Dokumentation/Renderlaeufe/Archiv/_qa_docx_v252_final3/page-15.png,348569,B6E11FB46469F58DA6F32BD945EDAC80651C976ADCAF46DB5E5E2CF2BCD5F08D
Konsolidierung_3.2.0,Renderlaeufe/Archiv/_qa_docx_v252_final3/page-16.png,50_Ablage/QA/Dokumentation/Renderlaeufe/Archiv/_qa_docx_v252_final3/page-16.png,376850,B17A072F18814E9F75D942487C524F5324EB100B4C7F1D99A9780A1132A90CE6
Konsolidierung_3.2.0,Renderlaeufe/Archiv/_qa_docx_v252_final3/page-17.png,50_Ablage/QA/Dokumentation/Renderlaeufe/Archiv/_qa_docx_v252_final3/page-17.png,347840,DDA99875322A5232A5D5D14B1D92CCA2B8D2DC2BA6292644340AE1A015545D60
Konsolidierung_3.2.0,Renderlaeufe/Archiv/_qa_docx_v252_final3/page-18.png,50_Ablage/QA/Dokumentation/Renderlaeufe/Archiv/_qa_docx_v252_final3/page-18.png,278724,5306EEBE4A3F80138E6E94A51DC6EBC3ECE7B3BE2975FECBEB13380073FA0363
Konsolidierung_3.2.0,Renderlaeufe/Archiv/_qa_docx_v252_final3/page-19.png,50_Ablage/QA/Dokumentation/Renderlaeufe/Archiv/_qa_docx_v252_final3/page-19.png,328185,62A94CFEE63D9968F185B93A253C7DBF0CA891DA64E9DF64E5C8B6654AF654AE
Konsolidierung_3.2.0,Renderlaeufe/Archiv/_qa_docx_v252_final3/page-2.png,50_Ablage/QA/Dokumentation/Renderlaeufe/Archiv/_qa_docx_v252_final3/page-2.png,181337,E146D34F95BCB1A1C128C90B47EF2CCD5BF04BAB7EB3217ADCAFEF65504FEE22
Konsolidierung_3.2.0,Renderlaeufe/Archiv/_qa_docx_v252_final3/page-20.png,50_Ablage/QA/Dokumentation/Renderlaeufe/Archiv/_qa_docx_v252_final3/page-20.png,382333,110E509D3B817DBFABFAB1C556A83DF5C89651ED6AD1246DBA1BDB7103473BDE
Konsolidierung_3.2.0,Renderlaeufe/Archiv/_qa_docx_v252_final3/page-21.png,50_Ablage/QA/Dokumentation/Renderlaeufe/Archiv/_qa_docx_v252_final3/page-21.png,400939,5D83D49D5C54ACD7DECCCD4D2AC9152BFD909A12A0ED1D4CADFDCBB2EA844376
Konsolidierung_3.2.0,Renderlaeufe/Archiv/_qa_docx_v252_final3/page-22.png,50_Ablage/QA/Dokumentation/Renderlaeufe/Archiv/_qa_docx_v252_final3/page-22.png,244939,4E655C1372444BDC2800B1CE218AC73303902A8D3964D0E856CEFF13C8091AC2
Konsolidierung_3.2.0,Renderlaeufe/Archiv/_qa_docx_v252_final3/page-3.png,50_Ablage/QA/Dokumentation/Renderlaeufe/Archiv/_qa_docx_v252_final3/page-3.png,436331,305369925646C551DA770E6E4E53325579E1F66D94E35D1B42B66C7B6F680A1F
Konsolidierung_3.2.0,Renderlaeufe/Archiv/_qa_docx_v252_final3/page-4.png,50_Ablage/QA/Dokumentation/Renderlaeufe/Archiv/_qa_docx_v252_final3/page-4.png,460683,3703D718A8796EF91A8802B510AE4DC495A59963A8879E441A4D574478E13A6D
Konsolidierung_3.2.0,Renderlaeufe/Archiv/_qa_docx_v252_final3/page-5.png,50_Ablage/QA/Dokumentation/Renderlaeufe/Archiv/_qa_docx_v252_final3/page-5.png,370257,7266CE0A859615FD751ED2EB3FCE2696E98DF31E3AFED1857E5F2CE40D7B2D78
Konsolidierung_3.2.0,Renderlaeufe/Archiv/_qa_docx_v252_final3/page-6.png,50_Ablage/QA/Dokumentation/Renderlaeufe/Archiv/_qa_docx_v252_final3/page-6.png,346339,D985213610A3A014E3D29F614FF51CAEDB5B344A895794E70013E81306C34DB9
Konsolidierung_3.2.0,Renderlaeufe/Archiv/_qa_docx_v252_final3/page-7.png,50_Ablage/QA/Dokumentation/Renderlaeufe/Archiv/_qa_docx_v252_final3/page-7.png,342577,785CAEA27C8298D1D6FE1E62A1654680DAD180F8EF6A407793E4E90E2054AFF3
Konsolidierung_3.2.0,Renderlaeufe/Archiv/_qa_docx_v252_final3/page-8.png,50_Ablage/QA/Dokumentation/Renderlaeufe/Archiv/_qa_docx_v252_final3/page-8.png,202005,8D13C8D38F63AEFD2910D473F2630DB2C27D8AECAEAED86345B1B8A82453D66B
Konsolidierung_3.2.0,Renderlaeufe/Archiv/_qa_docx_v252_final3/page-9.png,50_Ablage/QA/Dokumentation/Renderlaeufe/Archiv/_qa_docx_v252_final3/page-9.png,415109,AE8329379ACC388B284CC0F35978625500621258CEE974E553F55B86CB0A33EA
Konsolidierung_3.2.0,Renderlaeufe/Archiv/_qa_docx_v252_final4/2.5.2 – Glide_Arbeitsvorbereitung_Codex_Build_Release_Plan.pdf,50_Ablage/QA/Dokumentation/Renderlaeufe/Archiv/_qa_docx_v252_final4/2.5.2 – Glide_Arbeitsvorbereitung_Codex_Build_Release_Plan.pdf,621157,0C5DDCEA4711293B2D239F1AF48007EBF66D2E970FA3D478B1384ACDBA7C66A0
Konsolidierung_3.2.0,Renderlaeufe/Archiv/_qa_docx_v252_final4/page-1.png,50_Ablage/QA/Dokumentation/Renderlaeufe/Archiv/_qa_docx_v252_final4/page-1.png,132376,5DFF7EBA5BA42234D5DB42DB7C09FF6D229AC6981CF312613826B193C6E13420
Konsolidierung_3.2.0,Renderlaeufe/Archiv/_qa_docx_v252_final4/page-10.png,50_Ablage/QA/Dokumentation/Renderlaeufe/Archiv/_qa_docx_v252_final4/page-10.png,357143,CA726622567D39DDF6271BB11344312CD5737A95509742B085026554CF23DDD6
Konsolidierung_3.2.0,Renderlaeufe/Archiv/_qa_docx_v252_final4/page-11.png,50_Ablage/QA/Dokumentation/Renderlaeufe/Archiv/_qa_docx_v252_final4/page-11.png,232845,20E38700C37558F0CF021399BE67379F897AE13A541096E4625ACBFFEA897046
Konsolidierung_3.2.0,Renderlaeufe/Archiv/_qa_docx_v252_final4/page-12.png,50_Ablage/QA/Dokumentation/Renderlaeufe/Archiv/_qa_docx_v252_final4/page-12.png,227234,30D67210008F9AC6A6B30C76E33A59536F6E434660F0C71FA9D4C92C9B3F8CA9
Konsolidierung_3.2.0,Renderlaeufe/Archiv/_qa_docx_v252_final4/page-13.png,50_Ablage/QA/Dokumentation/Renderlaeufe/Archiv/_qa_docx_v252_final4/page-13.png,126266,3ED70B3E7A43186728022F20FFAA8678F044D6FD61F7CA4E5FB4D9B1901E04ED
Konsolidierung_3.2.0,Renderlaeufe/Archiv/_qa_docx_v252_final4/page-14.png,50_Ablage/QA/Dokumentation/Renderlaeufe/Archiv/_qa_docx_v252_final4/page-14.png,364936,EF7B8B1CF534227BE0E6FD76C5192E8460F0F5912ACBB85FB27D6BFD21CBFB74
Konsolidierung_3.2.0,Renderlaeufe/Archiv/_qa_docx_v252_final4/page-15.png,50_Ablage/QA/Dokumentation/Renderlaeufe/Archiv/_qa_docx_v252_final4/page-15.png,348569,B6E11FB46469F58DA6F32BD945EDAC80651C976ADCAF46DB5E5E2CF2BCD5F08D
Konsolidierung_3.2.0,Renderlaeufe/Archiv/_qa_docx_v252_final4/page-16.png,50_Ablage/QA/Dokumentation/Renderlaeufe/Archiv/_qa_docx_v252_final4/page-16.png,376850,B17A072F18814E9F75D942487C524F5324EB100B4C7F1D99A9780A1132A90CE6
Konsolidierung_3.2.0,Renderlaeufe/Archiv/_qa_docx_v252_final4/page-17.png,50_Ablage/QA/Dokumentation/Renderlaeufe/Archiv/_qa_docx_v252_final4/page-17.png,347840,DDA99875322A5232A5D5D14B1D92CCA2B8D2DC2BA6292644340AE1A015545D60
Konsolidierung_3.2.0,Renderlaeufe/Archiv/_qa_docx_v252_final4/page-18.png,50_Ablage/QA/Dokumentation/Renderlaeufe/Archiv/_qa_docx_v252_final4/page-18.png,278724,5306EEBE4A3F80138E6E94A51DC6EBC3ECE7B3BE2975FECBEB13380073FA0363
Konsolidierung_3.2.0,Renderlaeufe/Archiv/_qa_docx_v252_final4/page-19.png,50_Ablage/QA/Dokumentation/Renderlaeufe/Archiv/_qa_docx_v252_final4/page-19.png,328185,62A94CFEE63D9968F185B93A253C7DBF0CA891DA64E9DF64E5C8B6654AF654AE
Konsolidierung_3.2.0,Renderlaeufe/Archiv/_qa_docx_v252_final4/page-2.png,50_Ablage/QA/Dokumentation/Renderlaeufe/Archiv/_qa_docx_v252_final4/page-2.png,181337,E146D34F95BCB1A1C128C90B47EF2CCD5BF04BAB7EB3217ADCAFEF65504FEE22
Konsolidierung_3.2.0,Renderlaeufe/Archiv/_qa_docx_v252_final4/page-20.png,50_Ablage/QA/Dokumentation/Renderlaeufe/Archiv/_qa_docx_v252_final4/page-20.png,382333,110E509D3B817DBFABFAB1C556A83DF5C89651ED6AD1246DBA1BDB7103473BDE
Konsolidierung_3.2.0,Renderlaeufe/Archiv/_qa_docx_v252_final4/page-21.png,50_Ablage/QA/Dokumentation/Renderlaeufe/Archiv/_qa_docx_v252_final4/page-21.png,400939,5D83D49D5C54ACD7DECCCD4D2AC9152BFD909A12A0ED1D4CADFDCBB2EA844376
Konsolidierung_3.2.0,Renderlaeufe/Archiv/_qa_docx_v252_final4/page-22.png,50_Ablage/QA/Dokumentation/Renderlaeufe/Archiv/_qa_docx_v252_final4/page-22.png,244939,4E655C1372444BDC2800B1CE218AC73303902A8D3964D0E856CEFF13C8091AC2
Konsolidierung_3.2.0,Renderlaeufe/Archiv/_qa_docx_v252_final4/page-3.png,50_Ablage/QA/Dokumentation/Renderlaeufe/Archiv/_qa_docx_v252_final4/page-3.png,436331,305369925646C551DA770E6E4E53325579E1F66D94E35D1B42B66C7B6F680A1F
Konsolidierung_3.2.0,Renderlaeufe/Archiv/_qa_docx_v252_final4/page-4.png,50_Ablage/QA/Dokumentation/Renderlaeufe/Archiv/_qa_docx_v252_final4/page-4.png,460683,3703D718A8796EF91A8802B510AE4DC495A59963A8879E441A4D574478E13A6D
Konsolidierung_3.2.0,Renderlaeufe/Archiv/_qa_docx_v252_final4/page-5.png,50_Ablage/QA/Dokumentation/Renderlaeufe/Archiv/_qa_docx_v252_final4/page-5.png,370257,7266CE0A859615FD751ED2EB3FCE2696E98DF31E3AFED1857E5F2CE40D7B2D78
Konsolidierung_3.2.0,Renderlaeufe/Archiv/_qa_docx_v252_final4/page-6.png,50_Ablage/QA/Dokumentation/Renderlaeufe/Archiv/_qa_docx_v252_final4/page-6.png,346339,D985213610A3A014E3D29F614FF51CAEDB5B344A895794E70013E81306C34DB9
Konsolidierung_3.2.0,Renderlaeufe/Archiv/_qa_docx_v252_final4/page-7.png,50_Ablage/QA/Dokumentation/Renderlaeufe/Archiv/_qa_docx_v252_final4/page-7.png,342577,785CAEA27C8298D1D6FE1E62A1654680DAD180F8EF6A407793E4E90E2054AFF3
Konsolidierung_3.2.0,Renderlaeufe/Archiv/_qa_docx_v252_final4/page-8.png,50_Ablage/QA/Dokumentation/Renderlaeufe/Archiv/_qa_docx_v252_final4/page-8.png,202005,8D13C8D38F63AEFD2910D473F2630DB2C27D8AECAEAED86345B1B8A82453D66B
Konsolidierung_3.2.0,Renderlaeufe/Archiv/_qa_docx_v252_final4/page-9.png,50_Ablage/QA/Dokumentation/Renderlaeufe/Archiv/_qa_docx_v252_final4/page-9.png,415109,AE8329379ACC388B284CC0F35978625500621258CEE974E553F55B86CB0A33EA
Konsolidierung_3.2.0,Renderlaeufe/Archiv/_qa_docx_v252_final5/2.5.2 – Glide_Arbeitsvorbereitung_Codex_Build_Release_Plan.pdf,50_Ablage/QA/Dokumentation/Renderlaeufe/Archiv/_qa_docx_v252_final5/2.5.2 – Glide_Arbeitsvorbereitung_Codex_Build_Release_Plan.pdf,622092,01B240606903C5FD5355AFDEDF3AF35C304CFD76830648A6A00A70C080EA999C
Konsolidierung_3.2.0,Renderlaeufe/Archiv/_qa_docx_v252_final5/page-1.png,50_Ablage/QA/Dokumentation/Renderlaeufe/Archiv/_qa_docx_v252_final5/page-1.png,132376,5DFF7EBA5BA42234D5DB42DB7C09FF6D229AC6981CF312613826B193C6E13420
Konsolidierung_3.2.0,Renderlaeufe/Archiv/_qa_docx_v252_final5/page-10.png,50_Ablage/QA/Dokumentation/Renderlaeufe/Archiv/_qa_docx_v252_final5/page-10.png,357143,CA726622567D39DDF6271BB11344312CD5737A95509742B085026554CF23DDD6
Konsolidierung_3.2.0,Renderlaeufe/Archiv/_qa_docx_v252_final5/page-11.png,50_Ablage/QA/Dokumentation/Renderlaeufe/Archiv/_qa_docx_v252_final5/page-11.png,232845,20E38700C37558F0CF021399BE67379F897AE13A541096E4625ACBFFEA897046
Konsolidierung_3.2.0,Renderlaeufe/Archiv/_qa_docx_v252_final5/page-12.png,50_Ablage/QA/Dokumentation/Renderlaeufe/Archiv/_qa_docx_v252_final5/page-12.png,227234,30D67210008F9AC6A6B30C76E33A59536F6E434660F0C71FA9D4C92C9B3F8CA9
Konsolidierung_3.2.0,Renderlaeufe/Archiv/_qa_docx_v252_final5/page-13.png,50_Ablage/QA/Dokumentation/Renderlaeufe/Archiv/_qa_docx_v252_final5/page-13.png,126266,3ED70B3E7A43186728022F20FFAA8678F044D6FD61F7CA4E5FB4D9B1901E04ED
Konsolidierung_3.2.0,Renderlaeufe/Archiv/_qa_docx_v252_final5/page-14.png,50_Ablage/QA/Dokumentation/Renderlaeufe/Archiv/_qa_docx_v252_final5/page-14.png,364936,EF7B8B1CF534227BE0E6FD76C5192E8460F0F5912ACBB85FB27D6BFD21CBFB74
Konsolidierung_3.2.0,Renderlaeufe/Archiv/_qa_docx_v252_final5/page-15.png,50_Ablage/QA/Dokumentation/Renderlaeufe/Archiv/_qa_docx_v252_final5/page-15.png,348569,B6E11FB46469F58DA6F32BD945EDAC80651C976ADCAF46DB5E5E2CF2BCD5F08D
Konsolidierung_3.2.0,Renderlaeufe/Archiv/_qa_docx_v252_final5/page-16.png,50_Ablage/QA/Dokumentation/Renderlaeufe/Archiv/_qa_docx_v252_final5/page-16.png,376850,B17A072F18814E9F75D942487C524F5324EB100B4C7F1D99A9780A1132A90CE6
Konsolidierung_3.2.0,Renderlaeufe/Archiv/_qa_docx_v252_final5/page-17.png,50_Ablage/QA/Dokumentation/Renderlaeufe/Archiv/_qa_docx_v252_final5/page-17.png,347840,DDA99875322A5232A5D5D14B1D92CCA2B8D2DC2BA6292644340AE1A015545D60
Konsolidierung_3.2.0,Renderlaeufe/Archiv/_qa_docx_v252_final5/page-18.png,50_Ablage/QA/Dokumentation/Renderlaeufe/Archiv/_qa_docx_v252_final5/page-18.png,278724,5306EEBE4A3F80138E6E94A51DC6EBC3ECE7B3BE2975FECBEB13380073FA0363
Konsolidierung_3.2.0,Renderlaeufe/Archiv/_qa_docx_v252_final5/page-19.png,50_Ablage/QA/Dokumentation/Renderlaeufe/Archiv/_qa_docx_v252_final5/page-19.png,328185,62A94CFEE63D9968F185B93A253C7DBF0CA891DA64E9DF64E5C8B6654AF654AE
Konsolidierung_3.2.0,Renderlaeufe/Archiv/_qa_docx_v252_final5/page-2.png,50_Ablage/QA/Dokumentation/Renderlaeufe/Archiv/_qa_docx_v252_final5/page-2.png,181337,E146D34F95BCB1A1C128C90B47EF2CCD5BF04BAB7EB3217ADCAFEF65504FEE22
Konsolidierung_3.2.0,Renderlaeufe/Archiv/_qa_docx_v252_final5/page-20.png,50_Ablage/QA/Dokumentation/Renderlaeufe/Archiv/_qa_docx_v252_final5/page-20.png,382333,110E509D3B817DBFABFAB1C556A83DF5C89651ED6AD1246DBA1BDB7103473BDE
Konsolidierung_3.2.0,Renderlaeufe/Archiv/_qa_docx_v252_final5/page-21.png,50_Ablage/QA/Dokumentation/Renderlaeufe/Archiv/_qa_docx_v252_final5/page-21.png,400939,5D83D49D5C54ACD7DECCCD4D2AC9152BFD909A12A0ED1D4CADFDCBB2EA844376
Konsolidierung_3.2.0,Renderlaeufe/Archiv/_qa_docx_v252_final5/page-22.png,50_Ablage/QA/Dokumentation/Renderlaeufe/Archiv/_qa_docx_v252_final5/page-22.png,244939,4E655C1372444BDC2800B1CE218AC73303902A8D3964D0E856CEFF13C8091AC2
Konsolidierung_3.2.0,Renderlaeufe/Archiv/_qa_docx_v252_final5/page-3.png,50_Ablage/QA/Dokumentation/Renderlaeufe/Archiv/_qa_docx_v252_final5/page-3.png,436331,305369925646C551DA770E6E4E53325579E1F66D94E35D1B42B66C7B6F680A1F
Konsolidierung_3.2.0,Renderlaeufe/Archiv/_qa_docx_v252_final5/page-4.png,50_Ablage/QA/Dokumentation/Renderlaeufe/Archiv/_qa_docx_v252_final5/page-4.png,460683,3703D718A8796EF91A8802B510AE4DC495A59963A8879E441A4D574478E13A6D
Konsolidierung_3.2.0,Renderlaeufe/Archiv/_qa_docx_v252_final5/page-5.png,50_Ablage/QA/Dokumentation/Renderlaeufe/Archiv/_qa_docx_v252_final5/page-5.png,370257,7266CE0A859615FD751ED2EB3FCE2696E98DF31E3AFED1857E5F2CE40D7B2D78
Konsolidierung_3.2.0,Renderlaeufe/Archiv/_qa_docx_v252_final5/page-6.png,50_Ablage/QA/Dokumentation/Renderlaeufe/Archiv/_qa_docx_v252_final5/page-6.png,346339,D985213610A3A014E3D29F614FF51CAEDB5B344A895794E70013E81306C34DB9
Konsolidierung_3.2.0,Renderlaeufe/Archiv/_qa_docx_v252_final5/page-7.png,50_Ablage/QA/Dokumentation/Renderlaeufe/Archiv/_qa_docx_v252_final5/page-7.png,342577,785CAEA27C8298D1D6FE1E62A1654680DAD180F8EF6A407793E4E90E2054AFF3
Konsolidierung_3.2.0,Renderlaeufe/Archiv/_qa_docx_v252_final5/page-8.png,50_Ablage/QA/Dokumentation/Renderlaeufe/Archiv/_qa_docx_v252_final5/page-8.png,202005,8D13C8D38F63AEFD2910D473F2630DB2C27D8AECAEAED86345B1B8A82453D66B
Konsolidierung_3.2.0,Renderlaeufe/Archiv/_qa_docx_v252_final5/page-9.png,50_Ablage/QA/Dokumentation/Renderlaeufe/Archiv/_qa_docx_v252_final5/page-9.png,415109,AE8329379ACC388B284CC0F35978625500621258CEE974E553F55B86CB0A33EA
Konsolidierung_3.2.0,Renderlaeufe/Archiv/_qa_docx_v252_intermediate/Glide_v2.5.2_intermediate.pdf,50_Ablage/QA/Dokumentation/Renderlaeufe/Archiv/_qa_docx_v252_intermediate/Glide_v2.5.2_intermediate.pdf,623044,A1B04FBCC8E2AFA0880F5F583B25533AF2B7843FE54371EAD4D57AFE19993D6E
Konsolidierung_3.2.0,Renderlaeufe/Archiv/_qa_docx_v252_intermediate/page-1.png,50_Ablage/QA/Dokumentation/Renderlaeufe/Archiv/_qa_docx_v252_intermediate/page-1.png,133870,7821F64A5397F083F454BD026D09EFE4350FA79A73A779B9BE554675363F9B41
Konsolidierung_3.2.0,Renderlaeufe/Archiv/_qa_docx_v252_intermediate/page-10.png,50_Ablage/QA/Dokumentation/Renderlaeufe/Archiv/_qa_docx_v252_intermediate/page-10.png,269431,FA17AC020769472B2B74252948F56735398114BC46460F31A09B02D77CE73538
Konsolidierung_3.2.0,Renderlaeufe/Archiv/_qa_docx_v252_intermediate/page-11.png,50_Ablage/QA/Dokumentation/Renderlaeufe/Archiv/_qa_docx_v252_intermediate/page-11.png,285981,A301283ADC427EC4B6A4952AAF2D2496E8CCE546D5FF3EA8ADC8D28B837D6A6D
Konsolidierung_3.2.0,Renderlaeufe/Archiv/_qa_docx_v252_intermediate/page-12.png,50_Ablage/QA/Dokumentation/Renderlaeufe/Archiv/_qa_docx_v252_intermediate/page-12.png,215914,ACE2E8F55CDE1FF6CD4384F509B00B9312A1E5BEC545EF5751B99FFE05B84F8A
Konsolidierung_3.2.0,Renderlaeufe/Archiv/_qa_docx_v252_intermediate/page-13.png,50_Ablage/QA/Dokumentation/Renderlaeufe/Archiv/_qa_docx_v252_intermediate/page-13.png,193176,C1179C17E9FE35956DE64B62FD5523FDA0E663258CB594C5DD787509F08DD83B
Konsolidierung_3.2.0,Renderlaeufe/Archiv/_qa_docx_v252_intermediate/page-14.png,50_Ablage/QA/Dokumentation/Renderlaeufe/Archiv/_qa_docx_v252_intermediate/page-14.png,366043,EF678B1E8BDBF911D545B516AC48FFDCB7F86E25FE13EAE522B04A5481F146A6
Konsolidierung_3.2.0,Renderlaeufe/Archiv/_qa_docx_v252_intermediate/page-15.png,50_Ablage/QA/Dokumentation/Renderlaeufe/Archiv/_qa_docx_v252_intermediate/page-15.png,347005,9225F43ADD9FA0F3A8904BD07F907CD6EB4D43BF37A8EED500E3D62643C3CB4B
Konsolidierung_3.2.0,Renderlaeufe/Archiv/_qa_docx_v252_intermediate/page-16.png,50_Ablage/QA/Dokumentation/Renderlaeufe/Archiv/_qa_docx_v252_intermediate/page-16.png,361779,13ABBCE17EE02FD2E08AA06462A17B177C6C17395011738600031F58DA440FA6
Konsolidierung_3.2.0,Renderlaeufe/Archiv/_qa_docx_v252_intermediate/page-17.png,50_Ablage/QA/Dokumentation/Renderlaeufe/Archiv/_qa_docx_v252_intermediate/page-17.png,335165,26CE2634A2DECB25E995D6147883DA5D713F9CE28B3D67CC39DF0030C97AD446
Konsolidierung_3.2.0,Renderlaeufe/Archiv/_qa_docx_v252_intermediate/page-18.png,50_Ablage/QA/Dokumentation/Renderlaeufe/Archiv/_qa_docx_v252_intermediate/page-18.png,257970,0CDDE32CDAC65B8B1BB3E110050072DE970D060B98E2095B7ECCD461A8F1970E
Konsolidierung_3.2.0,Renderlaeufe/Archiv/_qa_docx_v252_intermediate/page-19.png,50_Ablage/QA/Dokumentation/Renderlaeufe/Archiv/_qa_docx_v252_intermediate/page-19.png,328114,32BE1B92080F51DB9E8C7D263317ED06825240FAD1C749302606F51E50F33B92
Konsolidierung_3.2.0,Renderlaeufe/Archiv/_qa_docx_v252_intermediate/page-2.png,50_Ablage/QA/Dokumentation/Renderlaeufe/Archiv/_qa_docx_v252_intermediate/page-2.png,205083,966D435F1A9A9243D21515B8090FB6805037ED76042FBEE068282E6AE608A659
Konsolidierung_3.2.0,Renderlaeufe/Archiv/_qa_docx_v252_intermediate/page-20.png,50_Ablage/QA/Dokumentation/Renderlaeufe/Archiv/_qa_docx_v252_intermediate/page-20.png,81473,6D41CB00106EE9D28710783EAE54D533E9B9EDF0B37B8CD7D78C07686610EB96
Konsolidierung_3.2.0,Renderlaeufe/Archiv/_qa_docx_v252_intermediate/page-21.png,50_Ablage/QA/Dokumentation/Renderlaeufe/Archiv/_qa_docx_v252_intermediate/page-21.png,383599,7147FE2C987E59CCB4C8351946E94FF053D38419272790F2272CDAEC25F31577
Konsolidierung_3.2.0,Renderlaeufe/Archiv/_qa_docx_v252_intermediate/page-22.png,50_Ablage/QA/Dokumentation/Renderlaeufe/Archiv/_qa_docx_v252_intermediate/page-22.png,386032,F9136D212BC3CD255D21B852331FF53F1338C41CF74C7711E8A9BC92520656BC
Konsolidierung_3.2.0,Renderlaeufe/Archiv/_qa_docx_v252_intermediate/page-23.png,50_Ablage/QA/Dokumentation/Renderlaeufe/Archiv/_qa_docx_v252_intermediate/page-23.png,262693,220649E8A13809C519E92E1B06B1DA8236B1995CF90048DE547E0769D5F3F137
Konsolidierung_3.2.0,Renderlaeufe/Archiv/_qa_docx_v252_intermediate/page-3.png,50_Ablage/QA/Dokumentation/Renderlaeufe/Archiv/_qa_docx_v252_intermediate/page-3.png,437685,1EDB62EDEE620AA2988C560E52F48671A63E16B680768EE17B120C373E8754A0
Konsolidierung_3.2.0,Renderlaeufe/Archiv/_qa_docx_v252_intermediate/page-4.png,50_Ablage/QA/Dokumentation/Renderlaeufe/Archiv/_qa_docx_v252_intermediate/page-4.png,461953,BAFFE9A8A2E902FDE4337D08A2ACFEF7171223376C50C658403FD80A8B0983B1
Konsolidierung_3.2.0,Renderlaeufe/Archiv/_qa_docx_v252_intermediate/page-5.png,50_Ablage/QA/Dokumentation/Renderlaeufe/Archiv/_qa_docx_v252_intermediate/page-5.png,362872,75F2DF82F5D8B5AD17149287A2CAE4BE262741209549814B0F97340EE4958F66
Konsolidierung_3.2.0,Renderlaeufe/Archiv/_qa_docx_v252_intermediate/page-6.png,50_Ablage/QA/Dokumentation/Renderlaeufe/Archiv/_qa_docx_v252_intermediate/page-6.png,356920,A2CC7418CE75E2824B93D33903CD65233A61FFBB5233CED4830FD9673A5433B8
Konsolidierung_3.2.0,Renderlaeufe/Archiv/_qa_docx_v252_intermediate/page-7.png,50_Ablage/QA/Dokumentation/Renderlaeufe/Archiv/_qa_docx_v252_intermediate/page-7.png,338835,5BCDF85197160AC7E06A76D67B6E5C84CE7B50BC601216AB117825C138375B40
Konsolidierung_3.2.0,Renderlaeufe/Archiv/_qa_docx_v252_intermediate/page-8.png,50_Ablage/QA/Dokumentation/Renderlaeufe/Archiv/_qa_docx_v252_intermediate/page-8.png,208379,CEF81E6060FE01B7AE0BC1CAFC6BE52AB745E882DE2A1E6E8B39C40285B618BF
Konsolidierung_3.2.0,Renderlaeufe/Archiv/_qa_docx_v252_intermediate/page-9.png,50_Ablage/QA/Dokumentation/Renderlaeufe/Archiv/_qa_docx_v252_intermediate/page-9.png,400628,5EABAC53D80E00930C595F40588833EE38CC79BD71EA2F4555DDFD5F238F65CA
Konsolidierung_3.2.0,Renderlaeufe/Archiv/README.md,50_Ablage/QA/Dokumentation/Renderlaeufe/Archiv/README.md,1140,DE37EF12B29209A63E4DFB1813EE390AC9CEBBFEB3CCF8250F56E4F1CFB88D5F
Konsolidierung_3.2.0,Renderlaeufe/Archiv/README_vor_Konsolidierung_2026-09-04.md,50_Ablage/QA/Dokumentation/Renderlaeufe/Archiv/README_vor_Konsolidierung_2026-09-04.md,1140,DE37EF12B29209A63E4DFB1813EE390AC9CEBBFEB3CCF8250F56E4F1CFB88D5F
Konsolidierung_3.2.0,Renderlaeufe/README.md,50_Ablage/QA/Dokumentation/Renderlaeufe/README.md,626,4CBC4E24929DDAC95F450D159F7171C7F0D6885AE86BC9E21F1141080786EEA0
